"","NGA","PolID","Duration","Pop","Terr","Hier","Gov","Infra","Info","Idea","MilTech","Complexity","Agri","Cap","PolName"
"1","Latium","ItLatCA",3.25503116334555,NA,NA,1,0,0,2,0.5,13,1.19033169817029,0.474470669403965,NA,"Latium - Copper Age"
"19","Latium","ItLatBA",2.90254677931399,NA,0.544068044350276,1.25,0,0,2,0,20,1.34242268082221,0.458379037233983,1.54406804435028,"Latium - Bronze Age"
"26","Latium","ItLatBA",2.90254677931399,NA,0.544068044350276,1.25,0,0,2,0,20,1.34242268082221,0.451975740136192,2.30102999566398,"Latium - Bronze Age"
"27","Latium","ItLatIA",2.45178643552429,NA,NA,1.5,1,0,1.5,4,28,1.53781909507327,0.451060983407936,2.30102999566398,"Latium - Iron Age"
"30","Latium","ItRomRg",2.31386722036915,4.54406804435028,3,2.75,3.5,6.5,10,2,29,1.70757017609794,0.976908767791583,4,"Roman Kingdom"
"31","Latium","ItRomRg",2.31386722036915,4.54406804435028,3,2.75,3.5,6.5,10,2,31,1.72427586960079,0.975689238643896,4.55175487301657,"Roman Kingdom"
"32","Latium","ItRomER",2.38738982633873,5,3.11394335230684,2.5,6.5,8,17.5,3,31,1.81954393554187,0.974469709496209,4.47712125471966,"Roman Republic"
"33","Latium","ItRomER",2.38738982633873,5.17609125905568,3.11394335230684,2.5,7,8,17.5,3,31,1.8228216453031,0.973250180348522,4.47712125471966,"Roman Republic"
"34","Latium","ItRomER",2.38738982633873,5.8750612633917,4.24303804868629,4,7,8,17.5,3,31,1.8228216453031,0.972030651200836,4.74036268949424,"Roman Republic"
"35","Latium","ItRomMR",2.11394335230684,6.57403126772772,5.63346845557959,4.25,7,10,17,3,31,1.83250891270624,0.970811122053149,5.32221929473392,"Middle Roman Republic"
"36","Latium","ItRomLR",2.01703333929878,7.47712125471966,6.43536650661266,5.25,7,10,17,3,31,1.83250891270624,0.969591592905462,5.60205999132796,"Late Roman Republic"
"37","Latium","ItRomPr",2.49692964807321,7.69897000433602,6.65321251377534,7.75,9,12,17.5,7,35,1.90579588036787,0.968372063757775,6,"Roman Empire - Principate"
"38","Latium","ItRomPr",2.49692964807321,7.74036268949424,6.76342799356294,7.75,9,12,17.5,7,35,1.90579588036787,0.969723433894401,6.04139268515823,"Roman Empire - Principate"
"39","Latium","ItRomPr",2.49692964807321,7.79588001734407,6.69897000433602,7.75,9,12,17.5,7,35,1.90579588036787,0.971074804031027,6,"Roman Empire - Principate"
"41","Latium","ItRomWe",1.79239168949825,NA,6.30102999566398,7,11.5,11,17,11.5,33,1.92427928606188,0.973777544304279,5.69897000433602,"Western Roman Empire - Late Antiquity"
"42","Latium","ItOstrg",1.78532983501077,6.74036268949424,5.80277372529198,6,10,12,17,12.5,34,1.93196611472817,0.975128914440905,5.17609125905568,"Ostrogothic Kingdom"
"43","Latium","ItRav**",2.15228834438306,6,4.69897000433602,5.75,10,10,17,10,29,1.88081359228079,0.976480284577531,4.47712125471966,"Exarchate of Ravenna"
"44","Latium","ItRav**",2.15228834438306,6.09691001300806,4.69897000433602,5.75,10,10,17,10,29,1.88081359228079,0.977831654714157,5.05115252244738,"Exarchate of Ravenna"
"45","Latium","ItStPet",2.28330122870355,5.94767873993694,4.69897000433602,5.5,7,9,16,11,29,1.85733249643127,0.979183024850783,4.92941892571429,"Republic of St Peter I"
"46","Latium","ItStPet",2.28330122870355,5.96260607292413,4.69897000433602,5.5,7,9,16,11,29,1.85733249643127,0.980534394987408,4.60205999132796,"Republic of St Peter I"
"47","Latium","ItPapEM",2.46686762035411,5.88930170250631,4.14612803567824,5.5,10,9,17,10,37,1.91907809237607,0.981885765124034,4.54406804435028,"Rome - Republic of St Peter II"
"48","Latium","ItPapEM",2.46686762035411,5.84972644419633,3.77815125038364,5.5,10,9,17,10,37,1.91907809237607,0.981885765124034,4.54406804435028,"Rome - Republic of St Peter II"
"49","Latium","ItPapHM",2.04139268515822,5.95424250943933,4.64345267648619,4.75,9,9,18,9,39,1.92427928606188,0.981885765124034,4.54406804435028,"Papal States - High Medieval Period"
"50","Latium","ItPapHM",2.04139268515822,5.95424250943933,4.64345267648619,4.75,9,9,18,9,39,1.92427928606188,0.981885765124034,4.54406804435028,"Papal States - High Medieval Period"
"51","Latium","ItPapRn",2.17026171539496,5.77815125038364,4.64345267648619,4.75,10,9,17,11,40,1.93951925261862,0.981885765124034,4.46239799789896,"Papal States - Renaissance Period"
"52","Latium","ItPapRn",2.17026171539496,6.20411998265593,4.64345267648619,4.75,10,9,17,11,40,1.93951925261862,0.981885765124034,4.74036268949424,"Papal States - Renaissance Period"
"53","Latium","ItPapM1",2.07918124604762,6.20411998265593,4.64345267648619,4.25,9,11,18,11,41,1.95424250943932,1.17826291814884,5.06705224834246,"Papal States - Medieval Period I"
"54","Latium","ItPapM2",2.18184358794477,6.27875360095283,4.64345267648619,5,9,10,19,11,38,1.93951925261862,1.37464007117365,5.07188200730613,"Papal States - Medieval Period II"
"55","Latium","ItPapM2",2.18184358794477,6.36172783601759,4.64345267648619,5,9,10,19,11,38,1.93951925261862,1.57101722419846,5.19173039336286,"Papal States - Medieval Period II"
"56","Paris Basin","FrBeakr",2.99956548822598,3,NA,1.25,0,3,3,0,22,1.44715803134222,0.384412188732157,3,"Early Bronze Age Beaker Culture"
"66","Paris Basin","FrAtlBA",3.07881918309885,3.17609125905568,NA,1.5,0,3,2,1,21,1.43136376415899,0.395049273044759,3.17609125905568,"Atlantic Complex"
"78","Paris Basin","FrHallA",1.99563519459755,2.74036268949424,3,1.5,0,0,1.5,0,21,1.35218251811136,1.1287456536864,2,"Hallstatt A-B1"
"79","Paris Basin","FrHallB",2.29885307640971,NA,3.24303804868629,2.5,0,1,1,0.5,26,1.45484486000851,1.13058888892289,2.57403126772772,"Hallstatt B2-3"
"80","Paris Basin","FrHallB",2.29885307640971,NA,3.24303804868629,2.5,0,1,1,0.5,26,1.45484486000851,1.13243212415938,2.8750612633917,"Hallstatt B2-3"
"81","Paris Basin","FrHallC",1.99563519459755,3.60205999132796,3.43933269383026,3,0,2,1,0.5,26,1.46982201597816,1.13427535939587,3.60205999132796,"Hallstatt C"
"82","Paris Basin","FrHallD",2.09691001300806,NA,3.8750612633917,3,0,3,1,0.5,26,1.48429983934679,1.13611859463236,3.69897000433602,"Hallstatt D"
"84","Paris Basin","FrTeneA",2.17318626841227,NA,3.09691001300806,2.75,0,3,1.5,0.5,25,1.47712125471966,1.13980506510534,3.77815125038364,"La Tene A-B1"
"85","Paris Basin","FrTeneB",2.17318626841227,4.8750612633917,3.09691001300806,3,2,6,6,3.5,29,1.66745295288995,1.14164830034183,1.69897000433602,"La Tene B2-C1"
"86","Paris Basin","FrTeneB",2.17318626841227,4.8750612633917,3.09691001300806,3,2,6,6,3.5,29,1.66745295288995,1.14349153557832,3.35218251811136,"La Tene B2-C1"
"87","Paris Basin","FrTeneC",2.16731733474818,4.8750612633917,4.17609125905568,3.25,2,7,6,4,31,1.69897000433602,1.1453347708148,3.95424250943932,"La Tene C2-D"
"93","Paris Basin","FrMervE",1.78532983501077,6.17609125905568,5.39794000867204,4,7,9,12,11,32,1.85125834871908,1.14967233012297,4.39794000867204,"Early Merovingian"
"94","Paris Basin","FrMervM",2.15533603746506,6,5.36172783601759,4.25,7,9,13,11,32,1.85733249643127,1.15017119493731,4.39794000867204,"Middle Merovingian"
"95","Paris Basin","FrMervL",1.79934054945358,6,5.39794000867204,4.25,7,9,13,11,32,1.85733249643127,1.15067005975164,4.39794000867204,"Proto-Carolingian"
"96","Paris Basin","FrCarlE",1.93951925261862,7.24303804868629,6.04139268515823,3.5,4,3,16,12,31,1.81954393554187,1.15116892456598,4.39794000867204,"Carolingian Empire I"
"97","Paris Basin","FrCarlL",2.16435285578444,6.65321251377534,5.90308998699194,3.5,6,7,12,12,31,1.83250891270624,1.54323483776962,4,"Carolingian Empire II"
"98","Paris Basin","FrCaptE",2.20951501454263,5.8750612633917,4.17609125905568,4,3,7,10,10,31,1.78532983501077,1.54390331662083,4.39794000867204,"Proto-French Kingdom"
"99","Paris Basin","FrCaptE",2.20951501454263,5.8750612633917,4.17609125905568,4,3,7,10,10,33,1.79934054945358,1.54390331662083,4.39794000867204,"Proto-French Kingdom"
"100","Paris Basin","FrCaptL",2.24797326636181,6.60205999132796,4.90308998699194,5,10,8,11,10,36,1.8750612633917,1.54390331662083,4.43933269383026,"French Kingdom - Late Capetian"
"101","Paris Basin","FrCaptL",2.24797326636181,7.23044892137827,5.54406804435028,5,9,8,11,10,37,1.8750612633917,1.54390331662083,5.30102999566398,"French Kingdom - Late Capetian"
"102","Paris Basin","FrValoE",2.08278537031645,6.95424250943933,5.5910646070265,5,11,8,11,10,39,1.89762709129044,1.54390331662083,5.47712125471966,"French Kingdom - Early Valois"
"103","Paris Basin","FrValoL",2.13987908640124,7.04139268515823,5.65321251377534,5.75,10,6,13,10,40,1.89762709129044,1.54390331662083,5.43933269383026,"French Kingdom - Late Valois"
"104","Paris Basin","FrBurbE",1.84509804001426,7.26717172840301,5.96894968098134,6,9.5,9,14,12,34,1.89486965674525,1.85268397994499,5.30102999566398,"French Kingdom - Early Bourbon"
"105","Paris Basin","FrBurbL",2.10720996964787,7.33845649360461,6.35218251811136,6,10,11,14,12,34,1.90848501887865,2.16146464326916,5.72427586960079,"French Kingdom - Late Bourbon"
"106","Iceland","IsCommw",2.51982799377572,NA,5.01283722470517,2.5,1,0,6,6.5,24,1.57403126772772,0,2.39794000867204,"Icelandic Commonwealth"
"107","Iceland","IsCommw",2.51982799377572,4.47712125471966,5.01283722470517,3,2,0,10,10.5,24,1.66745295288995,0,2.39794000867204,"Icelandic Commonwealth"
"108","Iceland","IsCommw",2.51982799377572,4.60205999132796,5.01283722470517,3,2,0,16,10.5,25,1.72835378202123,0,2.39794000867204,"Icelandic Commonwealth"
"109","Iceland","NorKing",2.07188200730613,4.84509804001426,5.01283722470517,4,6,0,16,12,27,1.78532983501077,0,2.39794000867204,"Kingdom of Norway"
"110","Crete","GrCrNeo",3.60195140413352,NA,NA,1.25,0,1,0,0,1,0.301029995663981,0.231304837597151,1.72015930340596,"Neolithic Crete"
"122","Crete","GrCrNeo",3.60195140413352,NA,NA,1.25,0,1,0,0,1,0.301029995663981,0.298338090158648,2.12221587827283,"Neolithic Crete"
"128","Crete","GrCrNeo",3.60195140413352,NA,NA,1.25,0,1,0,0,1,0.301029995663981,0.290337523123789,2.44715803134222,"Neolithic Crete"
"132","Crete","GrCrNeo",3.60195140413352,NA,NA,1.25,0,1,0,0,1,0.301029995663981,0.285640057907851,2.5814945422909,"Neolithic Crete"
"150","Crete","GrCrPre",3.04099769242349,NA,NA,1.5,0,2,3,0,9,1.14612803567824,0.266118970349607,3.83569057149243,"Prepalatial Crete"
"156","Crete","GrCrPre",3.04099769242349,NA,NA,1.5,1,2,3,0,9,1.17609125905568,0.262648107933861,3.83569057149243,"Prepalatial Crete"
"159","Crete","GrCrPre",3.04099769242349,NA,NA,1.75,1,2,3,0,9,1.17609125905568,0.260912676725988,3.83569057149243,"Prepalatial Crete"
"161","Crete","GrCrOPa",2.29885307640971,NA,NA,3,2,3,7,1,8,1.32221929473392,0.26004535429998,4.23299611039215,"The Old Palace Crete"
"163","Crete","GrCrNPa",2.39619934709574,NA,NA,4.25,3,6,7,1,19,1.55630250076729,0.259467663586545,4.43933269383026,"New Palace Crete"
"166","Crete","GrCrMPa",2.17318626841227,4.81291335664286,3.69897000433602,4.25,4,6,8,2,20,1.60205999132796,0.549133872517422,4,"Monopalatial Crete"
"167","Crete","GrCrPPa",1.99563519459755,NA,NA,4,4,6,8,1,20,1.5910646070265,0.54852051568168,3,"Postpalatial Crete"
"168","Crete","GrCrFPa",2.29885307640971,NA,NA,1,0,4,2,1,21,1.44715803134222,0.547907158845938,3,"Final Postpalatial Crete"
"170","Crete","GrCrGeo",2.46089784275655,NA,NA,1,0,6,8,3,25,1.6232492903979,0.546680445174454,3.77815125038364,"Geometric Crete"
"173","Crete","GrCrArc",2.32014628611105,NA,2.22271647114758,4,8,7,11,0,25,1.70757017609794,0.547253219674103,3.60205999132796,"Archaic Crete"
"175","Crete","GrCrCls",2.25042000230889,4.24303804868629,2.35218251811136,4,8,6,17,2,26,1.77085201164214,0.547635069340535,3.60205999132796,"Classical Crete"
"177","Crete","GrCrHel",2.40483371661994,4.24303804868629,2.35218251811136,4,8,7,17,2,28,1.79239168949825,0.548016919006967,4.38021124171161,"Hellenistic  Crete"
"189","Crete","GrCrEmr",2.13353890837022,5.39794000867204,3.92095770595545,4,7,8,17,0,36,1.83250891270624,0.831547116602335,4.07918124604763,"The Emirate of Crete"
"191","Crete","TrByzM3",2.11394335230684,6.74036268949424,5.75966784468963,7,11,11,18,2,38,1.90308998699194,0.833333333333333,5.39794000867204,"Byzantine Empire III"
"192","Crete","TrByzM3",2.11394335230684,6.8228216453031,5.73239375982297,7,11,11,18,2,38,1.90308998699194,0.833333333333333,5.39794000867204,"Byzantine Empire III"
"193","Crete","ItVenR3",2.55509444857832,6.35218251811136,NA,5.25,10,10,12,0,38,1.84509804001426,0.833333333333333,5.23044892137827,"Republic of Venice III"
"196","Crete","ItVenR4",2.02118929906994,6.35218251811136,NA,5.25,10,8,12,0,37,1.82607480270083,1,5.23044892137827,"Republic of Venice IV"
"199","Upper Egypt","EgBadar",2.77742682238931,NA,NA,1.5,0,2,2,4,5,1.11394335230684,0.77069118018701,1.79588001734408,"Badarian"
"205","Upper Egypt","EgNaqa1",2.39619934709574,NA,1.09691001300806,1.5,0,3,4,4,6.5,1.24303804868629,0.783421784179934,2.09691001300806,"Naqada I"
"206","Upper Egypt","EgNaqa1",2.39619934709574,NA,3.79588001734408,1.5,0,3,4,4,6.5,1.24303804868629,0.785478266363407,3.17609125905568,"Naqada I"
"207","Upper Egypt","EgNaqa1",2.39619934709574,4.11394335230684,3.79588001734408,2,0,3,4,4,6.5,1.24303804868629,0.787534748546879,4.11394335230684,"Naqada I"
"208","Upper Egypt","EgNaqa2",2.39619934709574,4.11394335230684,4.09691001300806,2.5,0.5,3,6.5,6,11,1.43136376415899,0.789591230730351,4,"Naqada II"
"209","Upper Egypt","EgNaqa2",2.39619934709574,4.69897000433602,4.09691001300806,2.5,1,3,6.5,6,12,1.45484486000851,0.791647712913824,4,"Naqada II"
"210","Upper Egypt","EgNaqa3",2.29885307640971,4.69897000433602,3.8750612633917,2.5,1.5,5,7,6,14,1.52504480703685,0.793704195097296,4,"Egypt - Dynasty 0"
"212","Upper Egypt","EgDyn1*",2.29885307640971,6,4.90308998699194,4.25,1.5,8,12,9,14.5,1.65321251377534,1.316398313116,4.11394335230684,"Egypt - Dynasty I"
"214","Upper Egypt","EgDyn2*",2.39619934709574,6.06069784035361,5,4.25,1.5,8,11.5,10,18,1.69019608002851,1.32376639499621,4.11394335230684,"Egypt - Dynasty II"
"215","Upper Egypt","EgDyn2*",2.39619934709574,6.06069784035361,5.42651126136457,4.25,1.5,8,11.5,10,18,1.69019608002851,1.32774128127369,4.11394335230684,"Egypt - Dynasty II"
"216","Upper Egypt","EgDyn2*",2.39619934709574,6.06069784035361,5.47712125471966,4.25,1.5,8,11.5,10,18,1.69019608002851,1.33171616755118,4.11394335230684,"Egypt - Dynasty II"
"217","Upper Egypt","EgOldK1",2.47567118832443,6.09691001300806,5.32735893438633,5.75,8.5,8.5,14.5,11.5,20,1.79934054945358,1.33569105382866,4.60205999132796,"Egypt - Classic Old Kingdom"
"220","Upper Egypt","EgOldK2",2.29885307640971,6.17609125905568,5.27300127206374,5.75,8.5,8.5,15.5,11.5,20,1.80617997398389,1.34761571266111,4.60205999132796,"Egypt - Late Old Kingdom"
"222","Upper Egypt","EgRegns",2.12385164096709,NA,4.47712125471966,4.25,9,8,11,12.5,21,1.78887511577542,1.35556548521607,4.47712125471966,"Egypt - Period of the Regions"
"223","Upper Egypt","EgMidKg",2.46982201597816,6.30102999566398,5.37657695705651,5.25,8,9,14,12.5,22,1.81624129999178,1.35954037149356,4.47712125471966,"Egypt - Middle Kingdom"
"224","Upper Egypt","EgMidKg",2.46982201597816,6.30102999566398,5.6159500516564,5.25,8,9,14,12.5,22,1.81624129999178,1.36238419257013,4.47712125471966,"Egypt - Middle Kingdom"
"225","Upper Egypt","EgMidKg",2.46982201597816,6.30102999566398,5.65321251377534,5.25,8,9,14,12.5,22,1.81624129999178,1.3652280136467,4.47712125471966,"Egypt - Middle Kingdom"
"226","Upper Egypt","EgThebH",2.1846914308176,NA,4.17609125905568,5,7.5,7,12,13,26,1.81624129999178,1.36807183472328,4.8750612633917,"Egypt - Thebes-Hyksos Period"
"228","Upper Egypt","EgNKThu",2.40823996531185,6.59383966108127,5.81291335664286,5.25,8.5,9,15,13,25,1.8481891169914,1.37375947687642,4.81291335664286,"Egypt - New Kingdom Thutmosid Period"
"229","Upper Egypt","EgNKThu",2.40823996531185,6.59383966108127,5.95424250943933,5.25,8.5,9,15,13,25,1.8481891169914,1.37660329795299,4.81291335664286,"Egypt - New Kingdom Thutmosid Period"
"230","Upper Egypt","EgNKThu",2.40823996531185,6.59383966108127,6,5.25,8.5,9,15,13,25,1.8481891169914,1.37944711902957,4.81291335664286,"Egypt - New Kingdom Thutmosid Period"
"231","Upper Egypt","EgNKRam",2.34635297445064,6.39794000867204,5.87273882747267,5.25,8.5,9,15,13,27,1.86033800657099,1.38229094010614,5.43933269383026,"Egypt - New Kingdom Ramesside Period"
"232","Upper Egypt","EgNKRam",2.34635297445064,6.39794000867204,5.75358305889291,5.25,8.5,9,15,13,27,1.86033800657099,1.38513476118271,5.43933269383026,"Egypt - New Kingdom Ramesside Period"
"233","Upper Egypt","EgThebL",2.48995847942483,NA,5.32221929473392,5,7,9,15,13,24,1.83250891270624,1.38797858225929,5.07918124604763,"Egypt - Thebes-Libyan Period"
"234","Upper Egypt","EgThebL",2.48995847942483,NA,5.32221929473392,5,7,9,15,13,24,1.83250891270624,1.38962670583776,5,"Egypt - Thebes-Libyan Period"
"236","Upper Egypt","SdKusht",2.01703333929878,6.43933269383026,5.81291335664286,4.75,6,9,15,13,27,1.84509804001426,1.39292295299469,4.81291335664286,"Egypt - Kushite Period"
"237","Upper Egypt","EgSaite",2.11058971029925,6.3324384599156,5.54406804435028,4.75,9,9,15,13,26,1.85733249643127,1.39457107657316,4.69897000433602,"Egypt - Saite Period"
"239","Upper Egypt","EgIntOc",1.78532983501077,6.43933269383026,5.74036268949424,4.5,6.5,11,18,13,28,1.88366143515362,1.3978673237301,4.8750612633917,"Egypt - Inter-Occupation Period"
"240","Upper Egypt","EgPtol1",1.93951925261862,6.84509804001426,6,6,10,11,20,11.5,32,1.92685670894969,1.39951544730857,5.11394335230684,"Ptolemaic Kingdom I"
"241","Upper Egypt","EgPtol2",2.26717172840301,6.60205999132796,5.92064500140679,6,9,11,20,11.5,32,1.9216864754836,1.40116357088704,5.47712125471966,"Ptolemaic Kingdom II"
"242","Upper Egypt","EgPtol2",2.26717172840301,6.51188336097887,5.57170883180869,6,9,11,20,11.5,32,1.9216864754836,1.4028116944655,5.69897000433602,"Ptolemaic Kingdom II"
"252","Upper Egypt","EgTulIk",2.00432137378264,6.81291335664286,5.95424250943933,5.5,6,11,18,14,35,1.92427928606188,1.40969503411676,5.17609125905568,"Egypt - Tulunid-Ikhshidid Period"
"253","Upper Egypt","TnFatim",2.30102999566398,7.13033376849501,6.14612803567824,6,12,11.5,17.5,14,34,1.94939000664491,1.41027672479151,5.07918124604763,"Fatimid Caliphate"
"254","Upper Egypt","TnFatim",2.30102999566398,6.60205999132796,5.80002935924413,6,11,11.5,17.5,14,34,1.94448267215017,1.41027672479151,5.07918124604763,"Fatimid Caliphate"
"255","Upper Egypt","EgAyyub",1.94448267215017,6.96614173273903,6.2027606873932,5,9,10,18,14,35,1.93449845124357,1.41027672479151,5.30102999566398,"Ayyubid Sultanate"
"256","Upper Egypt","EgMamBh",1.93951925261862,6.74036268949424,6.32221929473392,6.75,9,11.5,18,14,35,1.94200805302231,1.41027672479151,5.54406804435028,"Egypt - Mamluk Sultanate I"
"257","Upper Egypt","EgMamCP",1.79934054945358,6.54406804435028,6.32221929473392,6.75,9,11.5,18,14,35,1.94200805302231,1.41027672479151,5.39794000867204,"Egypt - Mamluk Sultanate II"
"258","Upper Egypt","EgMamBu",2.01703333929878,6.50514997831991,6.32221929473392,6.75,9,11.5,18,14,37,1.95182303531591,1.41027672479151,5.43933269383026,"Egypt - Mamluk Sultanate III"
"261","Niger Inland Delta","MlJeJe1",2.47567118832443,2.39794000867204,NA,1,1,1,1,0,4.5,0.8750612633917,0.462198968734875,2.09691001300806,"Jenne-jeno I"
"264","Niger Inland Delta","MlJeJe2",2.54282542695918,3.39794000867204,3,1.75,1,1,2,0,4.5,0.929418925714293,0.467882081076792,3.09691001300806,"Jenne-jeno II"
"267","Niger Inland Delta","MlJeJe3",2.69810054562339,4.25527250510331,3.04139268515822,2.25,1,5,2,0,4.5,1.09691001300806,0.470891967681424,3.8750612633917,"Jenne-jeno III"
"272","Niger Inland Delta","MlJeJe4",1.99563519459755,4.43933269383026,3.04139268515822,2,2,6,3.5,0,12,1.37106786227174,0.475908445355811,4.39794000867204,"Jenne-jeno IV"
"273","Niger Inland Delta","MrWagdM",1.88649072517248,6.05115252244738,5.57403126772772,4,7.5,6,4.5,2.5,21,1.61804809671209,0.476911740890688,4.24303804868629,"Ghana Empire I"
"274","Niger Inland Delta","MrWagdL",2.00860017176192,6.09691001300806,5.57403126772772,4,8.5,7,14,12.5,21.5,1.80277372529198,0.476911740890688,4.24303804868629,"Ghana Empire II"
"276","Niger Inland Delta","MlMali*",2.24303804868629,6.65321251377534,6.25527250510331,4.25,8,7,16,6.5,24,1.78887511577542,0.476911740890688,4.16136800223498,"Mali Empire"
"277","Niger Inland Delta","MlMali*",2.24303804868629,6.65321251377534,6.25527250510331,4.25,8,7,16,12.5,24,1.82930377283102,0.476911740890688,4.16136800223498,"Mali Empire"
"278","Niger Inland Delta","MlSong2",1.98677173426624,6.65321251377534,5.81291335664286,4.25,10,7,17,13,19,1.81954393554187,0.476911740890688,4.77815125038364,"Songhai Empire - Askiya Dynasty"
"279","Niger Inland Delta","MaSaadi",1.43136376415899,6.39794000867204,5.67760695272049,4.5,8,5,15,13,32,1.86332286012046,0.50552644534413,5.09691001300806,"Saadi Sultanate"
"280","Niger Inland Delta","MlSegou",1.85125834871908,6.30102999566398,5.39794000867204,3,1,0,2,8,30,1.61278385671974,0.534141149797571,NA,"Segou Kingdom"
"281","Niger Inland Delta","MlBaman",2.02530586526477,6.54406804435028,5.60205999132796,4.5,6,1,8,9,31,1.74036268949424,0.562755854251012,4.47712125471966,"Bamana kingdom"
"282","Ghanaian Coast","GhAshnE",2.30102999566398,NA,NA,3.5,2,3,5,9.5,14,1.52504480703685,3.25137308036374,NA,"Akan - Pre-Ashanti"
"283","Ghanaian Coast","GhAshnE",2.30102999566398,NA,NA,3.5,2,3,5,9.5,20,1.59659709562646,3.22402882980721,NA,"Akan - Pre-Ashanti"
"284","Ghanaian Coast","GhAshnL",2.28555730900777,NA,NA,5,5,5,12,9.5,19,1.70329137811866,3.19668457925069,4.25527250510331,"Ashanti Empire"
"285","Southern Mesopotamia","IqSoNeo",3.54394394248291,NA,NA,1.5,0,0,0,0,0,-Inf,0.0445252777480388,NA,"Southern Mesopotamia Neolithic"
"320","Southern Mesopotamia","IqUbaid",3.11360915107303,NA,NA,2,0,3,3,0,2,0.903089986991944,0.238142604475757,3,"Ubaid"
"333","Southern Mesopotamia","IqUruk*",3.07918124604762,4.46642272243379,3.31175386105575,4,0,4,6,0,12,1.34242268082221,0.240213976144885,4.13033376849501,"Uruk"
"340","Southern Mesopotamia","IqUruk*",3.07918124604762,4.49345805099519,3.27875360095283,4,0,4,6,0,12,1.34242268082221,0.240227003639659,4.65321251377534,"Uruk"
"346","Southern Mesopotamia","IqEDyn*",2.73957234445009,4.72631961211078,4.02938377768521,5,1,3,8,1,18,1.49136169383427,0.773302460789616,NA,"Early Dynastic"
"352","Southern Mesopotamia","IqAkkad",2.30102999566398,NA,5.86033800657099,4.75,7,9,14,4.5,20.5,1.74036268949424,0.774434153596539,4.47712125471966,"Akkadian Empire"
"353","Southern Mesopotamia","IqAkkad",2.30102999566398,NA,5.86033800657099,4.75,7,9,14,4.5,20.5,1.74036268949424,0.774622769064359,4.47712125471966,"Akkadian Empire"
"354","Southern Mesopotamia","IqUrIII",2.03342375548695,5.30102999566398,NA,4,4,5,9,6.5,27,1.71180722904119,0.774811384532179,5.30102999566398,"Ur - Dynasty III"
"355","Southern Mesopotamia","IqIsinL",2.03342375548695,NA,NA,4,7,6,12,4.5,21,1.70329137811866,0.775,5.30102999566398,"Isin-Larsa"
"357","Southern Mesopotamia","IqBabAm",2.47421626407626,NA,5.65321251377534,5,3,7,7,5,21,1.63346845557959,0.774203623580314,NA,"Amorite Babylonia"
"360","Southern Mesopotamia","IqBabKs",2.64443858946784,NA,5.35218251811136,3.5,5,5,15,5,21,1.70757017609794,0.773009058950784,NA,"Kassite Babylonia"
"364","Southern Mesopotamia","IqIsin2",2.10037054511756,NA,NA,3.75,4,5,15,5,23,1.7160033436348,0.771416306111411,NA,"Second Dynasty of Isin"
"365","Southern Mesopotamia","IqBazi*",1.39794000867204,NA,NA,4,2,5,14,5,23,1.69019608002851,0.771018117901568,NA,"Bazi Dynasty"
"366","Southern Mesopotamia","IqDynE*",2.39269695325967,NA,NA,4,3,5,8,5,19,1.60205999132796,0.771395348837209,NA,"Dynasty of E"
"368","Southern Mesopotamia","IqNAssr",2.00860017176192,NA,6.14612803567824,4.75,5,7,10,7,27,1.7481880270062,0.772149810708491,5.07918124604763,"Neo-Assyrian Empire"
"369","Southern Mesopotamia","IqNeoBb",1.93951925261862,NA,5.90308998699194,5.5,3,7,14,7,30,1.78532983501077,0.772527041644132,NA,"Neo-Babylonian Empire"
"376","Southern Mesopotamia","IrPart2",2.25042000230889,6.67669360962487,6.27875360095283,5,7.5,11,15,3,33,1.84198480459011,0.775251487290427,5.60205999132796,"Parthian Empire II"
"377","Southern Mesopotamia","IrPart2",2.25042000230889,6.69897000433602,6.25527250510331,5,7.5,11,15,3,33,1.84198480459011,0.775712547322877,4.47712125471966,"Parthian Empire II"
"382","Southern Mesopotamia","SyCalUm",1.94448267215017,7.44715803134222,6.95424250943933,5.75,6.5,11,18,14,33,1.91645394854993,0.778017847485127,5.47712125471966,"Umayyad Caliphate"
"383","Southern Mesopotamia","IqAbbs1",2.06818586174616,7.44715803134222,6.91907809237607,6,6,12,18,14,33,1.91907809237607,0.778478907517577,5.84509804001426,"Abbasid Caliphate I"
"384","Southern Mesopotamia","IqAbbs1",2.06818586174616,7,6,6,6,12,18,14,33,1.91907809237607,0.778939967550027,5.77815125038364,"Abbasid Caliphate I"
"387","Southern Mesopotamia","IqAbbs2",1.20411998265592,6.5910646070265,5.8750612633917,4.75,7,6,16,14,35,1.89209460269048,0.779401027582477,6,"Abbasid Caliphate II"
"394","Susiana","IrPrCer",2.77742682238931,NA,NA,1,0,1,0,0,5,0.778151250383644,0.106799050065955,2.57403126772772,"Pre-Ceramic Period"
"400","Susiana","IrForma",2.29885307640971,NA,NA,1,0,1,0,0,6,0.845098040014257,0.140732153008694,2.57403126772772,"Formative Period"
"402","Susiana","IrArcha",2.99956548822598,NA,NA,1,0,1,1,0,6,0.903089986991944,0.169276010224665,2.64097805735833,"Susiana - Muhammad Jaffar"
"412","Susiana","IrKhzE*",2.47567118832443,NA,NA,1,0,1.5,0,0,7,0.929418925714293,0.23586279289024,2.64097805735833,"Susiana A"
"415","Susiana","IrKhzEM",2.77742682238931,NA,NA,1.25,0.5,2,1,0,7,1.02118929906994,0.237230679841551,2.64097805735833,"Susiana B"
"421","Susiana","IrKhzM*",2.60097289568675,NA,NA,1.75,0.5,2,3,0,7,1.09691001300806,0.239966453744171,3.27300127206374,"Susiana - Early Ubaid"
"425","Susiana","IrKhzL*",2.60097289568675,NA,NA,1.75,1,2,2,0,7,1.07918124604762,0.240344251092629,3.27300127206374,"Susiana - Late Ubaid"
"429","Susiana","IrSusa1",2.69810054562339,4.22401481137286,NA,2,1,2,3,1.5,9,1.21748394421391,0.240240031134434,3.33745926129066,"Susa I"
"433","Susiana","IrSusa1",2.69810054562339,3.92298481570888,NA,2,1,2,3,1.5,9,1.21748394421391,0.240174893660562,3.33745926129066,"Susa I"
"434","Susiana","IrSusa2",2.84447717574568,4.16136800223498,NA,3,2.5,5,11,2,9,1.46982201597816,0.240187921155336,2.79588001734408,"Susa II"
"435","Susiana","IrSusa2",2.84447717574568,4.16136800223498,NA,3,2.5,5,11,2,9,1.46982201597816,0.24020094865011,2.79588001734408,"Susa II"
"436","Susiana","IrSusa2",2.84447717574568,4.16136800223498,NA,3,2.5,5,11,2,9,1.46982201597816,0.240213976144885,3.49485002168009,"Susa II"
"437","Susiana","IrSusa2",2.84447717574568,4.24303804868629,NA,3.75,2.5,5,11,2,9,1.46982201597816,0.240227003639659,3.49485002168009,"Susa II"
"438","Susiana","IrSusa2",2.84447717574568,4.36172783601759,NA,4,2.5,5,11,2,9,1.46982201597816,0.240240031134434,3.49485002168009,"Susa II"
"440","Susiana","IrSusa2",2.84447717574568,3.83884909073726,NA,4,2.5,5,11,2,9,1.46982201597816,0.355593807463494,3.49485002168009,"Susa II"
"441","Susiana","IrSusa3",2.62736585659273,NA,NA,3.25,2.5,3,11,1,13,1.48429983934679,0.35561308815576,3.79588001734408,"Susa III"
"446","Susiana","IrAwanE",2.62736585659273,NA,5.39794000867204,3.5,4.5,7.5,11,3,18,1.64345267648619,0.773868307193077,3.75966784468963,"Elam - Awan Dynasty I"
"452","Susiana","IrShima",2.10380372095596,NA,NA,3.75,3,2,9,7,19,1.60205999132796,0.775,4.21085336531489,"Elam - Shimashki Period"
"453","Susiana","IrSukkE",2.29885307640971,NA,NA,4.25,4,6,10,7,17,1.64345267648619,0.774601811790157,4.21085336531489,"Elam - Early Sukkalmah"
"455","Susiana","IrSukkL",2.29885307640971,NA,NA,4.25,5,6,10,7,17,1.65321251377534,0.77380543537047,4.21085336531489,"Elam - Late Sukkalmah"
"456","Susiana","IrSukkL",2.29885307640971,NA,NA,4.25,5,6,10,7,17,1.65321251377534,0.773407247160627,4.02632893872235,"Elam - Late Sukkalmah"
"457","Susiana","IrMElm1",1.99563519459755,NA,5.38916608436453,4.25,4,3,10,9,17,1.63346845557959,0.773009058950784,3.57403126772772,"Elam - Kidinuid Period"
"458","Susiana","IrMElm2",2.29885307640971,NA,5.49136169383427,4.25,4,5,9,9,19,1.66275783168157,0.772610870740941,NA,"Elam - Igihalkid Period"
"459","Susiana","IrMElm2",2.29885307640971,NA,5.49136169383427,4.25,4,5,9,9,19,1.66275783168157,0.772212682531098,3.8372727025023,"Elam - Igihalkid Period"
"460","Susiana","IrMElm3",1.99563519459755,NA,5.43933269383026,4.25,6,7,11,9,18,1.70757017609794,0.771814494321254,NA,"Elam - Shutrukid Period"
"461","Susiana","IrElmCP",2.29885307640971,NA,NA,NA,0,0,2,9,19,1.47712125471966,0.771416306111411,NA,"Elam - Crisis Period"
"463","Susiana","IrNElm1",2.19312459835446,NA,NA,4,2,2.5,3,9,22,1.5854607295085,0.771395348837209,NA,"Elam I"
"465","Susiana","IrNElm2",1.98227123303957,NA,5.50514997831991,4,7,4.5,7,9,27,1.73639650227664,0.772149810708491,NA,"Elam II"
"466","Susiana","IrNElm3",1.85733249643127,NA,NA,NA,4,4,8,9,24,1.69019608002851,0.772527041644132,NA,"Elam III"
"467","Susiana","IrAchae",2.07918124604762,7.36172783601759,6.71180722904119,6.25,11,11,18,11,35,1.93449845124357,0.772904272579773,5.30102999566398,"Achaemenid Empire"
"468","Susiana","IrAchae",2.07918124604762,7.41497334797082,6.60879337398693,6.25,11,11,18,11,35,1.93449845124357,0.773281503515414,5.30102999566398,"Achaemenid Empire"
"469","Susiana","IrSeleu",2.22530928172586,7.36172783601759,6.55630250076729,5.75,8,10,13,13,34,1.89209460269048,0.773658734451055,4.8750612633917,"Seleucid Empire"
"470","Susiana","IrSeleu",2.22530928172586,7.36172783601759,6.14223299179471,5.75,8,10,13,13,34,1.89209460269048,0.774035965386695,4.8750612633917,"Seleucid Empire"
"471","Susiana","IrPart1",2.26245108973043,6.73639650227664,6.30102999566398,5,7.5,11,15,10,33,1.88366143515362,0.774413196322336,5.47712125471966,"Parthian Empire I"
"472","Susiana","IrPart1",2.26245108973043,7.05115252244738,6.47712125471966,5,7.5,11,15,10,33,1.88366143515362,0.774790427257977,5.69897000433602,"Parthian Empire I"
"473","Susiana","IrElym2",2.27875360095283,NA,NA,4,3,7,16,7,24,1.75587485567249,0.775251487290427,4.39794000867204,"Elymais II"
"475","Susiana","IrSasn1",2.44404479591808,6.69897000433602,6.42324587393681,5.75,7.5,10,10,13,32,1.86033800657099,0.776173607355327,5,"Sassanid Empire I"
"476","Susiana","IrSasn1",2.44404479591808,6.69897000433602,6.4983105537896,5.75,7.5,10,10,13,32,1.86033800657099,0.776634667387777,5.39794000867204,"Sassanid Empire I"
"477","Susiana","IrSasn2",2.13353890837022,6.94939000664491,6.54095480892613,6,7.5,8,15,13,35,1.89486965674525,0.777095727420227,5.60205999132796,"Sassanid Empire II"
"478","Susiana","IrSasn2",2.13353890837022,7.10380372095596,6.44404479591808,6,9.5,8,15,13,35,1.90579588036787,0.777556787452677,5.69897000433602,"Sassanid Empire II"
"482","Susiana","IrBuyid",2.03342375548695,6.69897000433602,5.95424250943933,4.75,6,8,12,14,34,1.86923171973098,0.779401027582477,5.09691001300806,"Buyid Confederation"
"483","Susiana","IrSeljq",2.12710479836481,7.08278537031645,6.62838893005031,4.5,10,10,16,14,33.5,1.9216864754836,0.779401027582477,5.8750612633917,"Seljuk Empire"
"485","Susiana","IrIlkhn",1.85733249643127,6.72015930340596,6.57978359661681,5.25,7,9,17,14,36,1.91907809237607,0.779401027582477,5.17609125905568,"Il-khanate"
"487","Susiana","IrAkKoy",1.51851393987789,NA,6.25527250510331,4.5,5,6,14,12.5,37,1.87215627274829,0.779401027582477,NA,"Ak Koyunlu"
"488","Susiana","IrSafvd",1.79239168949825,6.95424250943933,6.43136376415899,5.25,9,10,16,13,38,1.93449845124357,0.935281233098972,5.30102999566398,"Safavid Empire"
"490","Susiana","IrQajar",2.11727129565576,6.90308998699194,6.30102999566398,4.5,7,6,12,14,37,1.88081359228079,1.24704164413196,NA,"Qajar"
"491","Susiana","IrQajar",2.11727129565576,6.90308998699194,6.20411998265593,4.5,7,6,12,14,37,1.88081359228079,1.40292184964846,5.26717172840301,"Qajar"
"492","Galilee","IlCanaa",2.91328390176042,4.35218251811136,3.23044892137827,6.5,4,7,7,4,25,1.67209785793572,0.260334199656697,4.47712125471966,"Canaan"
"494","Galilee","IlCanaa",2.91328390176042,4.35218251811136,3.23044892137827,6.5,4,7,7.5,4,25,1.67669360962487,0.259756508943263,4.47712125471966,"Canaan"
"497","Galilee","IlCanaa",2.91328390176042,4.51188336097887,3.23044892137827,6.5,4,7,8,4,26,1.69019608002851,0.549747229353163,4.67669360962487,"Canaan"
"501","Galilee","LbAcPho",2.17318626841227,4.54406804435028,3.95424250943932,6,5,7,8,3,25,1.68124123737559,0.547293802010196,4.69897000433602,"Kenaan"
"502","Galilee","IlYisrl",2.48855071650044,4.65321251377534,4.06069784035361,7,6.5,6,8,2.5,28,1.70757017609794,0.546680445174454,4.24303804868629,"Yisrael"
"503","Galilee","IlYisrl",2.48855071650044,5.24303804868629,4.06069784035361,7,6.5,6,8,2.5,28,1.70757017609794,0.54687137000767,4.24303804868629,"Yisrael"
"504","Galilee","IlYisrl",2.48855071650044,5.54406804435028,4.06069784035361,7,6.5,6,8,2.5,28,1.70757017609794,0.547062294840887,4.24303804868629,"Yisrael"
"512","Galilee","IlJudea",1.61278385671974,NA,3.8750612633917,3,3,9,14,2,32,1.77815125038364,0.548398768673399,4.74036268949424,"Yehuda"
"513","Konya Plain","TrNeoER",3.41480627950101,NA,NA,1,0,0,0,0,3,0.477121254719662,0.0284952351253446,NA,"Konya Plain - Early Neolithic"
"539","Konya Plain","TrNeoCR",2.60097289568675,NA,NA,1,0,0,0,0,6.5,0.812913356642856,0.231304837597151,NA,"Konya Plain - Ceramic Neolithic"
"543","Konya Plain","TrNeoLT",2.77742682238931,3.51188336097887,NA,1,0,0,0,1,9.5,1.02118929906994,0.25962897115062,3.75966784468963,"Konya Plain - Late Neolithic"
"549","Konya Plain","TrClcER",2.99956548822598,3.51188336097887,NA,1.75,0,0,0,0,10.5,1.02118929906994,0.301004945836934,3.4983105537896,"Konya Plain - Early Chalcolithic"
"559","Konya Plain","TrClcLT",3.30081279411812,NA,1.95424250943932,2.5,1.5,1,1,1,11.5,1.20411998265592,0.287670667445503,3.4983105537896,"Konya Plain - Late Chalcolithic"
"567","Konya Plain","TrClcLT",3.30081279411812,NA,1.95424250943932,2.5,1.5,1,1,1,11.5,1.20411998265592,0.279548229294895,3.4983105537896,"Konya Plain - Late Chalcolithic"
"570","Konya Plain","TrClcLT",3.30081279411812,NA,1.95424250943932,2.5,1.5,1,1,1,13.5,1.25527250510331,0.27637775481648,3.4983105537896,"Konya Plain - Late Chalcolithic"
"579","Konya Plain","TrBrzER",2.99956548822598,NA,NA,2.25,1,2,3,1,19,1.41497334797082,0.266118970349607,NA,"Konya Plain - Early Bronze Age"
"589","Konya Plain","TrBrzMD",2.47712125471966,4.8750612633917,4.30102999566398,3.25,3,7,7,1,21,1.5910646070265,0.260334199656697,4,"Middle Bronze Age in Central Anatolia"
"592","Konya Plain","TrBrzMD",2.47712125471966,4.8750612633917,4.30102999566398,3.25,3,7,7,1,22,1.60205999132796,0.259467663586545,4,"Middle Bronze Age in Central Anatolia"
"593","Konya Plain","TrHatOK",2.17318626841227,6.07918124604763,4.79588001734407,3,7,7,11,6.5,25,1.75204844781944,0.383584650980146,4.09691001300806,"Hatti - Old Kingdom"
"594","Konya Plain","TrBrzL2",2,5.54406804435028,4.79588001734407,3,6,8,9,6.5,25,1.73639650227664,0.549747229353163,4.16136800223498,"Konya Plain - Late Bronze Age II"
"596","Konya Plain","TrHatNK",2.21218760440396,6.21748394421391,5.47712125471966,3.75,10,8,11,6.5,26,1.78887511577542,0.54852051568168,4.24303804868629,"Hatti - New Kingdom"
"597","Konya Plain","TrHatNK",2.21218760440396,6.21748394421391,5.54406804435028,3.75,10,8,11,6.5,26,1.78887511577542,0.547907158845938,4.24303804868629,"Hatti - New Kingdom"
"598","Konya Plain","TrNHitt",2.4456042032736,5.07918124604763,2.69897000433602,3.5,5,7,0,6.5,26,1.64836001098093,0.547293802010196,4.17609125905568,"Neo-Hittite Kingdoms"
"600","Konya Plain","TrTabal",1.79934054945358,NA,3.69897000433602,3.25,0,2,4,6.5,23,1.55022835305509,0.54687137000767,NA,"Tabal Kingdoms"
"601","Konya Plain","TrPhryg",2.14612803567824,6.09691001300806,5,3.75,0,5,9,5.5,25,1.64836001098093,0.547062294840887,4.24303804868629,"Phrygian Kingdom"
"603","Konya Plain","TrLydia",2.0899051114394,NA,5.39794000867204,4.25,4.5,3,14,5.5,25,1.7160033436348,0.547444144507319,4.17609125905568,"Kingdom of Lydia"
"606","Konya Plain","TrLysim",1.25527250510331,6.39794000867204,5.6232492903979,3.5,6,9,16,6.5,30,1.82930377283102,0.548016919006967,NA,"Kingdom of Lysimachus"
"608","Konya Plain","TrCappL",1.53147891704226,5.54406804435028,5.11394335230684,3.5,5,6,12,7.5,28,1.76715586608218,0.548398768673399,NA,"Late Cappadocia"
"612","Konya Plain","TrRomDm",2.04139268515822,7.74036268949424,6.62838893005031,7.75,9,12,16.5,5,33,1.87794695162919,0.552194603636449,5.90308998699194,"Roman Empire - Dominate"
"613","Konya Plain","TrERom*",1.92941892571429,7.17609125905568,6.11394335230684,7,10,11,18.5,10,38,1.94200805302231,0.822616032947341,5.47712125471966,"East Roman Empire"
"614","Konya Plain","TrERom*",1.92941892571429,7.30102999566398,6.14612803567824,7,10,11,18.5,10,38,1.94200805302231,0.82440224967834,5.69897000433602,"East Roman Empire"
"615","Konya Plain","TrERom*",1.92941892571429,7.13830269816628,6.21748394421391,7,10,11,18.5,10,38,1.94200805302231,0.826188466409339,5.30102999566398,"East Roman Empire"
"616","Konya Plain","TrByzM1",2.28103336724773,6.75966784468963,5.76715586608218,7,10,11,17,10,38,1.93449845124357,0.827974683140337,5.01072386539177,"Byzantine Empire I"
"617","Konya Plain","TrByzM1",2.28103336724773,6.81291335664286,5.76715586608218,7,10,11,17,10,38,1.93449845124357,0.829760899871336,5.35218251811136,"Byzantine Empire I"
"618","Konya Plain","TrByzM2",2.04532297878666,6.90308998699194,5.7160033436348,7,12,11,17,10,37,1.93951925261862,0.831547116602335,5,"Byzantine Empire II"
"619","Konya Plain","TrByzM2",2.04532297878666,7.07918124604763,5.90848501887865,7,12,11,17,10,37,1.93951925261862,0.833333333333333,5.39794000867204,"Byzantine Empire II"
"620","Konya Plain","TrRum**",2.17609125905568,6.24303804868629,5.43933269383026,4.25,8,5,17,14,32,1.88081359228079,0.833333333333333,4.54406804435028,"Sultanate of Rum"
"621","Konya Plain","TrRum**",2.17609125905568,6.24303804868629,5.43933269383026,4.25,8,5,17,14,34,1.89209460269048,0.833333333333333,4.54406804435028,"Sultanate of Rum"
"623","Konya Plain","TrOttm1",0.954242509439325,6.69897000433602,4.84509804001426,4.5,8,9,17,14,37,1.92941892571429,0.833333333333333,4.39794000867204,"Ottoman Emirate"
"624","Konya Plain","TrOttm2",1.97772360528885,6.95424250943933,5.93751789201735,5,11,10,18,14,39,1.96378782734556,0.833333333333333,4.74036268949424,"Ottoman Empire I"
"625","Konya Plain","TrOttm3",2.21748394421391,7.44715803134222,6.68448629218873,7.75,11,11,18,14,39,1.96848294855394,1,5.82930377283103,"Ottoman Empire II"
"626","Konya Plain","TrOttm4",2.19033169817029,7.38021124171161,6.69196510276736,7.75,11,11,17,14,38,1.95904139232109,1.16666666666667,5.84509804001426,"Ottoman Empire III"
"627","Konya Plain","TrOttm4",2.19033169817029,7.38021124171161,NA,7.75,11,11,17,14,38,1.95904139232109,1.33333333333333,5.75587485567249,"Ottoman Empire III"
"628","Yemeni Coastal Plain","YeNeoL*",3.36153897126928,NA,NA,1.5,NA,NA,0,0,5.5,0.740362689494244,0,NA,"Yemen - Late Neolithic"
"633","Yemeni Coastal Plain","YeNeoL*",3.36153897126928,NA,NA,1.5,NA,NA,0,0,7.5,0.8750612633917,0.0242939018203906,NA,"Yemen - Late Neolithic"
"651","Yemeni Coastal Plain","YeLBA**",2.60097289568675,NA,NA,2,NA,NA,0,0,9.5,0.977723605288848,0.324029879058748,NA,"Yemen - Late Bronze Age"
"655","Yemeni Coastal Plain","YeSabaC",2.54282542695918,NA,NA,3.5,NA,1,4,3,11,1.27875360095283,0.347914177197387,4.54406804435028,"Sabaean Commonwealth"
"659","Yemeni Coastal Plain","YeQatab",2.53019969820308,NA,NA,3.5,NA,4,4,3,10,1.32221929473392,0.393393451323341,4.54406804435028,"Qatabanian Commonwealth"
"662","Yemeni Coastal Plain","YeSaRay",2.41329976408125,NA,NA,3,NA,2,4,3,6,1.17609125905568,0.427502906917806,NA,"Kingdom of Saba and Dhu Raydan"
"665","Yemeni Coastal Plain","EtAksm1",2.07554696139253,5.74036268949424,5.54406804435028,4.25,5,6,13,0,9,1.51851393987789,0.499034496148909,5.00966331667938,"Aksum I"
"666","Yemeni Coastal Plain","YeHmyr1",1.84509804001426,5.60205999132796,5.47712125471966,4,6.5,8,11,3,27,1.74429298312268,0.529115381498716,4.30102999566398,"Himyar I"
"667","Yemeni Coastal Plain","YeHmyr2",2.16731733474818,5.60205999132796,5.47712125471966,4,6.5,8,11,8,27,1.78175537465247,0.559196266848524,4.30102999566398,"Himyar II"
"672","Yemeni Coastal Plain","YeZiyad",2.22530928172586,NA,5,3.25,6,NA,6,14,33,1.77085201164214,0.709600693597561,NA,"Ziyadid Dynasty"
"674","Yemeni Coastal Plain","YeWarLd",2.13353890837022,NA,5.47712125471966,4.25,7,4,14,14,34,1.86332286012046,0.739681578947368,NA,"Era of the War Lords"
"676","Yemeni Coastal Plain","YeRasul",2.35024801833416,NA,NA,4.5,8,6,14,14,33,1.8750612633917,0.739681578947368,4.69897000433602,"Rasulids"
"678","Yemeni Coastal Plain","YeTahir",1.79934054945358,NA,NA,4.5,8,9,15,14,33,1.89762709129044,0.739681578947368,NA,"Tahirids"
"680","Yemeni Coastal Plain","YeQasmi",2.22530928172586,NA,NA,3,5,3,12,13.5,21,1.73639650227664,1.03555421052632,NA,"Yemen - Qasimid Dynasty"
"682","Sogdiana","TjSaraz",3.17580163284828,NA,NA,2.5,0,4,1,0,9,1.14612803567824,0.143600067102835,3.64097805735833,"Sarazm"
"697","Sogdiana","KzAndro",2.77742682238931,NA,4.03140846425162,1.5,0,2,1,3.5,28,1.53781909507327,0.296762288206677,2.17609125905568,"Andronovo"
"703","Sogdiana","UzKok01",2.60205999132796,NA,NA,1.25,0,0,0,3.5,21,1.38916608436453,0.29781915785942,NA,"Koktepe I"
"708","Sogdiana","UzKhw01",2.39445168082622,4.8750612633917,NA,4,0,3,0,4.5,19,1.42324587393681,0.298708270424425,4.39794000867204,"Ancient Khwarazm"
"710","Sogdiana","UzKok02",2.17609125905568,NA,NA,2,1,2,1,6,25,1.54406804435028,0.299077336017447,4.39794000867204,"Koktepe II"
"715","Sogdiana","AfGrBct",2.07188200730613,6.24303804868629,6.34242268082221,4.25,6,6,16,11.5,32,1.85430604180108,1.5,4.57403126772772,"Greco-Bactrian Kingdom"
"716","Sogdiana","AfTochr",2.19865708695442,5.21085336531489,4.17609125905568,2.75,2,3,14,8.5,30,1.75966784468963,1.50092266398255,NA,"Tocharians"
"718","Sogdiana","AfKushn",2.30102999566398,NA,6.35218251811136,4.5,7,8,15,10,36,1.88081359228079,1.50046133199128,5.17609125905568,"Kushan Empire"
"719","Sogdiana","AfKushn",2.30102999566398,NA,6.35218251811136,4.5,7,8,15,10,36,1.88081359228079,1.49907733601745,5,"Kushan Empire"
"721","Sogdiana","AfKidar",1.92427928606188,6.09691001300806,5.39794000867204,4,8,6,13,3.5,31,1.78887511577542,1.49630934406979,NA,"Kidarite Kingdom"
"722","Sogdiana","AfHepht",1.95424250943932,7.42324587393681,6.45863784902565,3.5,4.5,5,17,9,35,1.8481891169914,1.49492534809596,NA,"Hepthalite Empire"
"723","Sogdiana","KgWTurk",1.5910646070265,6.24303804868629,6.4983105537896,3.25,5,3,16,13,27,1.80617997398389,1.49354135212213,NA,"Western Turk Khaganate"
"724","Sogdiana","UzSogdi",2.02938377768521,4.51188336097887,4.17609125905568,3.25,9,7,18,12,32,1.89209460269048,1.4921573561483,4.43933269383026,"Sogdiana - City-States Period"
"726","Sogdiana","UzSamnd",2.05690485133647,6.77815125038364,5.77815125038364,5.5,10,11,16,14,35,1.93449845124357,1.48938936420064,5.11394335230684,"Samanid Empire"
"727","Sogdiana","KgKarKh",2.34439227368511,6.39794000867204,6.30102999566398,4.5,10,6,16,14,30,1.88081359228079,1.48800536822681,5.30102999566398,"Kara-Khanids"
"728","Sogdiana","KgKarKh",2.34439227368511,NA,NA,4.5,10,6,16,14,30,1.88081359228079,1.48800536822681,NA,"Kara-Khanids"
"729","Sogdiana","KgKarKh",2.34439227368511,6.35218251811136,6.14612803567824,4.5,10,6,16,14,30,1.88081359228079,1.48800536822681,5.47712125471966,"Kara-Khanids"
"730","Sogdiana","UzChagt",1.99122607569249,6.30102999566398,6.54406804435028,3.75,6,5,14,8,26,1.77085201164214,1.48800536822681,NA,"Chagatai Khaganate"
"731","Sogdiana","UzTimur",1.88081359228079,7.69019608002851,6.74036268949424,6,7,8,14,14,36,1.89762709129044,1.48800536822681,5.17609125905568,"Timurid Empire"
"732","Sogdiana","UzTimur",1.88081359228079,NA,NA,6,7,8,14,14,36,1.89762709129044,1.48800536822681,5.17609125905568,"Timurid Empire"
"733","Sogdiana","UzJanid",2.17026171539496,5.92941892571429,5.35218251811136,5.5,5,7,11,14,30,1.82607480270083,1.78560644187217,NA,"Khanate of Bukhara"
"734","Sogdiana","UzJanid",2.17026171539496,6,5.35218251811136,5.5,5,7,11,14,30,1.82607480270083,2.08320751551753,NA,"Khanate of Bukhara"
"735","Orkhon Valley","MnXngnE",3.04139268515822,4.57403126772772,5.72015930340596,1.75,0,0,2,1,14,1.23044892137827,0,NA,"Early Xiongnu"
"736","Orkhon Valley","MnXngnE",3.04139268515822,4.57403126772772,5.72015930340596,1.75,0,0,2,1,14,1.23044892137827,0,NA,"Early Xiongnu"
"742","Orkhon Valley","MnXngnE",3.04139268515822,4.57403126772772,5.72015930340596,1.75,0,0,2,1,21,1.38021124171161,0,NA,"Early Xiongnu"
"744","Orkhon Valley","MnXngnE",3.04139268515822,4.57403126772772,5.72015930340596,1.75,0,0,2,1,24,1.43136376415899,0,NA,"Early Xiongnu"
"745","Orkhon Valley","MnXngnE",3.04139268515822,4.8750612633917,6.02118929906994,1.75,0,0,2,1,24,1.43136376415899,0,NA,"Early Xiongnu"
"747","Orkhon Valley","MnXngnM",2.17318626841227,6.17609125905568,6.61278385671974,3,1,0,1,1,29.5,1.51188336097887,0,3.60205999132796,"Xiongnu Imperial Confederation"
"749","Orkhon Valley","MnXngnL",2.19865708695442,6.09691001300806,6.55630250076729,3,1,0,2,1,26.5,1.48429983934679,0,3.60205999132796,"Late Xiongnu"
"750","Orkhon Valley","MnXianb",2.17609125905568,6.09691001300806,6.53147891704226,1.5,0,0,2,0,25,1.43136376415899,0,NA,"Xianbei Confederation"
"752","Orkhon Valley","MnRourn",2.39967372148104,5.8750612633917,6.60205999132796,2.75,3,0.5,2,6.5,15,1.43136376415899,0,NA,"Rouran Khaganate"
"754","Orkhon Valley","MnRourn",2.39967372148104,5.8750612633917,6.60205999132796,2.75,3,1,10.5,10.5,15,1.60205999132796,0,NA,"Rouran Khaganate"
"755","Orkhon Valley","MnETurk",1.67209785793572,5.65321251377534,6.67669360962487,3,1.5,1,9,11.5,16,1.5910646070265,0,NA,"Eastern Turk Khaganate"
"756","Orkhon Valley","MnTurk2",1.77815125038364,5.65321251377534,6.54406804435028,3,3,0,9,11.5,17,1.60745502321467,0,NA,"Second Turk Khaganate"
"757","Orkhon Valley","MnUigur",1.97772360528885,5.65321251377534,6.35218251811136,3.5,1,3,7,8.5,18,1.57403126772772,0,NA,"Uigur Khaganate"
"758","Orkhon Valley","MnShiwe",1.81954393554187,NA,NA,1,0,0,1,6.5,16,1.37106786227174,0,NA,"Shiwei"
"759","Orkhon Valley","MnKhitn",2.21748394421391,6.57978359661681,6.35218251811136,4.25,8,5,17,10.5,31,1.85430604180108,0,NA,"Khitan 2"
"761","Orkhon Valley","MnMongE",1.89762709129044,5,4.90308998699194,1.5,4,0,3,1,24,1.50514997831991,0,2.69897000433602,"Early Mongols"
"762","Orkhon Valley","MnMngKh",1.9731278535997,NA,7.40177618087912,5,8,9,11,2,33,1.79934054945358,0,NA,"Mongol Empire"
"763","Orkhon Valley","MnMongL",2.50650503240487,NA,6.43933269383026,2.75,3,4,12,2,25,1.66275783168157,0,NA,"Late Mongols"
"765","Orkhon Valley","MnMongL",2.50650503240487,4.74036268949424,6.43933269383026,2.75,4,4,12,12,27,1.77085201164214,0,NA,"Late Mongols"
"766","Orkhon Valley","MnZungh",1.69897000433602,6.04139268515823,5.27875360095283,3,5,7,12,12,24,1.77815125038364,0,NA,"Zungharian Empire"
"769","Lena River Valley","RuYakuE",2.38381536598043,NA,NA,1.5,0,0,2,6,25,1.51851393987789,0,2,"Sakha - Early"
"772","Lena River Valley","RuYakuL",2.40993312333129,NA,NA,1.5,1,4,4,6,26,1.61278385671974,0,NA,"Sakha - Late"
"774","Lena River Valley","RuYakuL",2.40993312333129,NA,NA,1.5,4,4,9,6,26,1.69019608002851,0,NA,"Sakha - Late"
"775","Kachi Plain","PkAcerN",3.30081279411812,NA,NA,1.25,0,3,1,0,0,0.602059991327962,0,2.69897000433602,"Kachi Plain - Aceramic Neolithic"
"795","Kachi Plain","PkCeraN",3.17580163284828,NA,NA,1.25,0,3.5,1,0,0,0.653212513775344,0.377373394271746,2.69897000433602,"Kachi Plain - Ceramic Neolithic"
"810","Kachi Plain","PkChalc",2.90254677931399,NA,NA,1.75,1,3,1,0,0,0.698970004336019,0.388057318793026,3.38916608436453,"Kachi Plain - Chalcolithic"
"818","Kachi Plain","PkPreUr",2.84447717574568,NA,NA,2,1,3,1,0,0,0.698970004336019,0.390462544011887,3.45484486000851,"Kachi Plain - Pre-Urban Period"
"825","Kachi Plain","PkUrbn1",2.60097289568675,NA,5.13033376849501,2.5,3,9,5,3,7,1.43136376415899,0.43127996760884,5,"Kachi Plain - Urban Period I"
"829","Kachi Plain","PkUrbn2",2.47567118832443,NA,5.13033376849501,2.5,3,9,5,3,6,1.41497334797082,0.429039242614769,5,"Kachi Plain - Urban Period II"
"832","Kachi Plain","PkPostU",2.69810054562339,NA,NA,1.25,1,2,4,0,10.5,1.24303804868629,0.629633234834,3.05115252244738,"Kachi Plain - Post-Urban Period"
"837","Kachi Plain","PkProto",2.87448181769947,3.05115252244738,NA,1.5,0,7,1,4.5,13,1.40654018043396,0.618343794863872,NA,"Kachi Plain - Proto-Historic Period"
"842","Kachi Plain","PkProto",2.87448181769947,3.05115252244738,NA,1.5,0,7,1,4.5,14,1.42324587393681,0.999776927979605,NA,"Kachi Plain - Proto-Historic Period"
"843","Kachi Plain","PkProto",2.87448181769947,3.05115252244738,NA,1.5,0,7,1,4.5,13,1.40654018043396,0.995120033991927,NA,"Kachi Plain - Proto-Historic Period"
"849","Kachi Plain","PkIndGr",1.69019608002851,4.77815125038364,5.02212306169417,3.5,9,5,9,10,33,1.81954393554187,0.967178670065859,NA,"Indo-Greek Kingdom"
"859","Kachi Plain","PkSind1",2.51851393987789,6,5.14895414300788,3,5,3,12,14,30,1.80617997398389,0.918252177607818,NA,"Sind - Abbasid-Fatimid Period"
"860","Kachi Plain","PkSind1",2.51851393987789,6,5.14895414300788,3,4,3,12,14,30,1.79934054945358,0.913333333333334,NA,"Sind - Abbasid-Fatimid Period"
"862","Kachi Plain","AfGhurd",1.11394335230684,NA,6,4,9,4,14,14,34,1.8750612633917,0.913333333333334,NA,"Principality of Ghur"
"863","Kachi Plain","InDelh*",2.12057393120585,NA,6.47712125471966,7.5,10,11,16,14,37,1.94448267215017,0.913333333333334,5.47712125471966,"Delhi Sultanate"
"864","Kachi Plain","PkSind2",2.25285303097989,NA,5.14895414300788,3,3,3,12,14,35,1.82607480270083,0.913333333333334,NA,"Sind - Samma Dynasty"
"865","Kachi Plain","PkSind2",2.25285303097989,6.34242268082221,5.14895414300788,3,3,3,12,14,37,1.83884909073726,0.913333333333334,NA,"Sind - Samma Dynasty"
"866","Kachi Plain","InMugl*",2.33041377334919,NA,NA,5.5,10,10,15,14,40,1.94939000664491,1.096,5.60205999132796,"Mughal Empire"
"867","Kachi Plain","InMugl*",2.33041377334919,8.11394335230684,6.5854607295085,5.5,10,10,15,14,40,1.94939000664491,1.27866666666667,5.60205999132796,"Mughal Empire"
"868","Kachi Plain","AfDurrn",1.89209460269048,NA,6.25333800532611,4.25,4,4,16,13,39,1.88081359228079,1.46133333333333,NA,"Durrani Empire"
"869","Middle Ganga","InGangN",3.60195140413352,NA,NA,0.5,NA,0,0,0,0,-Inf,0.274292313463416,NA,"Neolithic Middle Ganga"
"909","Middle Ganga","InGangC",3.38003024796783,NA,NA,1.5,NA,0,0,0,1,0,0.391063850316602,NA,"Chalcolithic Middle Ganga"
"933","Middle Ganga","InMahaJ",2.43933269383026,NA,NA,4,5,3,3,5.5,25,1.61804809671209,0.990463140004249,4.47712125471966,"Mahajanapada era"
"935","Middle Ganga","InMahaJ",2.43933269383026,NA,NA,4,5,3,3,5.5,26,1.62838893005031,0.981149352028893,4.47712125471966,"Mahajanapada era"
"936","Middle Ganga","InMaury",2.03742649794062,7.77085201164214,6.60205999132796,5.5,8,12,15,13,35,1.91907809237607,0.976492458041215,5.20411998265593,"Mauryan Empire"
"938","Middle Ganga","InSunga",2.08635983067475,7.77085201164214,6.60205999132796,4,1,1,12,8,35,1.75587485567249,0.967178670065859,5.20411998265593,"Sunga Empire"
"939","Middle Ganga","InAyodE",1.99122607569249,NA,NA,NA,1,1,10,7,33,1.7160033436348,0.962521776078182,NA,"Kingdom of Ayodhya"
"943","Middle Ganga","InGupta",2.28780172993023,NA,5.92941892571429,6.75,4,4,14,9,35,1.81954393554187,0.942846398980242,5.17609125905568,"Gupta Dynasty"
"945","Middle Ganga","InMagad",1.7481880270062,NA,NA,NA,1,NA,8,8,35,1.7160033436348,0.933008710431273,NA,"Maghada"
"946","Middle Ganga","InKanau",2.11058971029925,NA,NA,5.5,5,1,9,9,29.5,1.72835378202123,0.928089866156788,5.07918124604763,"Kanauj"
"948","Middle Ganga","InGurjr",2.34242268082221,NA,6,NA,1,1,8,8,34,1.7160033436348,0.918252177607818,4.90308998699194,"Gurjar"
"949","Middle Ganga","InGurjr",2.34242268082221,NA,6,NA,1,1,8,8,34,1.7160033436348,0.913333333333334,4.85733249643127,"Gurjar"
"950","Middle Ganga","InGhdvl",2.04921802267018,NA,5.51188336097887,2.5,1,1,7,9,35,1.72427586960079,0.913333333333334,4.93449845124357,"Gahadavala"
"958","Deccan","InDecNL",3.17580163284828,NA,NA,1,0,1,1,3,7,1.07918124604762,0.153546323800853,NA,"Deccan - Neolithic"
"970","Deccan","InDecNL",3.17580163284828,NA,NA,1,0,1,1,3,7,1.07918124604762,0.171751441730042,NA,"Deccan - Neolithic"
"972","Deccan","InDecNL",3.17580163284828,NA,NA,1,0,1,1,3,7,1.07918124604762,0.174206677538475,NA,"Deccan - Neolithic"
"973","Deccan","InDecIA",2.95375969173323,2.8750612633917,NA,1,0,3,0,0.5,24,1.43933269383026,0.26078070944184,2.8750612633917,"Deccan - Iron Age"
"974","Deccan","InDecIA",2.95375969173323,2.8750612633917,NA,1,0,3,0,0.5,24,1.43933269383026,0.262605546867027,2.8750612633917,"Deccan - Iron Age"
"975","Deccan","InDecIA",2.95375969173323,2.8750612633917,NA,1.25,0,3,0,0.5,24,1.43933269383026,0.264430384292214,2.8750612633917,"Deccan - Iron Age"
"976","Deccan","InDecIA",2.95375969173323,4,NA,1.5,0,3,0,0.5,24,1.43933269383026,0.266887231913067,3.47712125471966,"Deccan - Iron Age"
"979","Deccan","InDecIA",2.95375969173323,4,NA,1.75,0,3,0,0.5,24,1.43933269383026,0.274257774775624,3.47712125471966,"Deccan - Iron Age"
"980","Deccan","InDecIA",2.95375969173323,4.35218251811136,NA,2,0,3,0,0.5,24,1.43933269383026,0.276714622396476,3.8750612633917,"Deccan - Iron Age"
"981","Deccan","InDecIA",2.95375969173323,4.35218251811136,NA,2,0,3,0,0.5,25,1.45484486000851,0.279171470017328,3.8750612633917,"Deccan - Iron Age"
"983","Deccan","InDecKg",2.01703333929878,NA,NA,3.25,3,1,4,13,31,1.7160033436348,0.710212913147582,NA,"Post-Mauryan Kingdoms"
"984","Deccan","InSataL",2.4814426285023,6.8750612633917,6.11394335230684,4.5,6,6,12,9,33,1.81954393554187,0.716355032199713,4.92427928606188,"Satavahana Empire"
"985","Deccan","InSataL",2.4814426285023,6.88930170250631,6.11394335230684,4.5,6,6,12,9,33,1.81954393554187,0.722497151251844,4.92427928606188,"Satavahana Empire"
"986","Deccan","InSataL",2.4814426285023,6.88930170250631,6.17609125905568,4.5,6,6,12,9,33,1.81954393554187,0.726414102793326,4.92427928606188,"Satavahana Empire"
"987","Deccan","InSataL",2.4814426285023,6.92941892571429,6.17609125905568,4.5,6,6,12,9,33,1.81954393554187,0.730331054334809,4.92427928606188,"Satavahana Empire"
"988","Deccan","InVakat",2.05690485133647,6.81291335664286,5.97772360528885,5,8,1,12,9,33,1.79934054945358,0.734248005876291,NA,"Vakataka Kingdom"
"990","Deccan","InKadam",1.94939000664491,NA,4.8750612633917,5,3,2,10,9,31,1.74036268949424,0.742081908959255,NA,"Kadamba Empire"
"991","Deccan","InChaBd",2.33243845991561,6.54715912132742,5.8750612633917,4.75,8,3,10,9,35,1.81291335664286,0.745998860500737,4.84509804001426,"Chalukyas of Badami"
"993","Deccan","InRasht",1.46239799789896,6.74036268949424,5.77815125038364,5,7,6,13.5,9,33,1.83569057149243,0.753832763583702,5,"Rashtrakuta Empire"
"995","Deccan","InChaKl",1.90848501887865,6.8750612633917,6.57978359661681,4.25,5,1,11,9,31,1.75587485567249,0.761666666666667,4.94200805302231,"Chalukyas of Kalyani"
"996","Deccan","InHoysa",1.78532983501077,NA,5.17609125905568,3.25,6.5,1,9,9,31,1.75204844781944,0.761666666666667,NA,"Hoysala Kingdom"
"997","Deccan","InKampi",1.47712125471966,NA,4.30102999566398,3,6.5,2,10,9,29,1.75204844781944,0.761666666666667,NA,"Kampili Kingdom"
"998","Deccan","InVijay",2.48995847942483,7.39794000867204,5.55630250076729,4,9,8,11,9,33,1.84509804001426,0.761666666666667,5,"Vijayanagara Empire"
"999","Deccan","InVijay",2.48995847942483,7.39794000867204,5.55630250076729,4,9,8,11,9,33,1.84509804001426,0.761666666666667,5.30102999566398,"Vijayanagara Empire"
"1002","Deccan","GbEmpr2",1.77815125038364,8.03140846425162,7.35602585719312,7.75,9,12,15,10,33,1.89762709129044,1.21866666666667,5.95424250943933,"Second British Empire"
"1003","Garo Hills","InGaroE",1.96378782734556,3.39794000867204,NA,1.5,0,0,2,4,17,1.36172783601759,0.334060627530364,3.39794000867204,"Early Garo"
"1004","Garo Hills","InGaroL",1.94448267215017,5.13987908640124,3.90308998699194,2.5,0,2,11,4,22,1.5910646070265,0.351046761133603,NA,"Late Garo"
"1005","Cambodian Basin","KhMekBA",2.84447717574568,NA,NA,1,0,0,0,0,7,0.845098040014257,0,2.17609125905568,"Bronze Age Cambodia"
"1012","Cambodian Basin","KhMekIA",2.85973856619715,NA,NA,2,0,0,0,0,15,1.17609125905568,0.226497342243147,2.17609125905568,"Iron Age Cambodia"
"1020","Cambodian Basin","KhFunaE",2.49692964807321,NA,5.40999057483219,3,7.5,7,14,9.5,26,1.80617997398389,1.03976357354393,3.30102999566398,"Funan I"
"1023","Cambodian Basin","KhFunaL",1.99563519459755,5.21748394421391,5.42193281327851,3.5,7,8,14.5,11,26,1.8228216453031,1.06343632773939,3.30102999566398,"Funan II"
"1024","Cambodian Basin","KhChenl",2.20682587603185,NA,5.72509452108147,3.75,8,7,13,11,25,1.80617997398389,1.07132724580454,4.77815125038364,"Chenla"
"1026","Cambodian Basin","KhAngkE",2.44247976906445,NA,5.96229686827674,5,9,10,16,11,32,1.89209460269048,1.44947877591313,5.60205999132796,"Early Angkor"
"1027","Cambodian Basin","KhAngkE",2.44247976906445,NA,5.96229686827674,5,9,10,16,11,32,1.89209460269048,1.46,NA,"Early Angkor"
"1028","Cambodian Basin","KhAngkC",2.14301480025409,6.17609125905568,5.97277889180762,5.5,9,11,16,11,33,1.90308998699194,1.46,5.94200805302231,"Classical Angkor"
"1029","Cambodian Basin","KhAngkC",2.14301480025409,6.17609125905568,5.97277889180762,5.5,9,11,16,14,33,1.91907809237607,1.46,5.94200805302231,"Classical Angkor"
"1030","Cambodian Basin","KhAngkL",2.32428245529769,6.17609125905568,6,5.5,8,10,17,10,33,1.89209460269048,1.46,5.94200805302231,"Late Angkor"
"1031","Cambodian Basin","KhAngkL",2.32428245529769,6.17609125905568,6,5.5,8,10,17,10,33,1.89209460269048,1.46,5.94200805302231,"Late Angkor"
"1032","Cambodian Basin","KhCambd",2.20682587603185,5.94200805302231,5.44715803134222,7.25,8,10,16,10,33,1.88649072517248,1.46,NA,"Khmer Kingdom"
"1033","Cambodian Basin","ThAyuth",2.2380461031288,NA,NA,5,7,7,14,12,31,1.85125834871908,1.5476,5.19033169817029,"Ayutthaya"
"1034","Cambodian Basin","ThAyuth",2.2380461031288,NA,NA,5,7,8,14,12,31,1.85733249643127,1.6352,5.19033169817029,"Ayutthaya"
"1035","Cambodian Basin","ThRattn",1.95904139232109,6.30102999566398,5.71021894258437,5,8,8,16,12,25,1.83884909073726,1.7228,4.8750612633917,"Rattanakosin"
"1036","Central Java","IdCJBun",2.95375969173323,NA,NA,1.5,NA,1,1,0,5,0.845098040014257,0.589516736519016,NA,"Java - Buni Culture"
"1037","Central Java","IdCJBun",2.95375969173323,NA,NA,1.5,NA,1,1,0,1,0.477121254719662,0.590628213857252,NA,"Java - Buni Culture"
"1038","Central Java","IdCJBun",2.95375969173323,NA,NA,1.5,NA,1,1,0,4,0.778151250383644,0.591739691195488,NA,"Java - Buni Culture"
"1042","Central Java","IdCJBun",2.95375969173323,NA,NA,1.5,NA,1,1,0,15,1.23044892137827,0.606487097829643,NA,"Java - Buni Culture"
"1045","Central Java","IdKalin",2.36361197989214,NA,NA,2.5,1,3,4,6.5,21,1.55022835305509,0.625273775766168,NA,"Kalingga Kingdom"
"1047","Central Java","IdKalin",2.36361197989214,NA,NA,2.5,1,3,4.5,6.5,21,1.55630250076729,0.637798227723852,NA,"Kalingga Kingdom"
"1048","Central Java","IdMedng",2.45788189673399,5.47712125471966,5.09691001300806,2.75,7,5,8,10,28,1.76342799356294,0.644060453702694,3,"Medang Kingdom"
"1049","Central Java","IdMedng",2.45788189673399,5.47712125471966,5.09691001300806,3.25,7,5,9,10,28,1.77085201164214,0.650322679681536,3,"Medang Kingdom"
"1051","Central Java","IdKedir",2.2380461031288,5.39794000867204,4.77815125038364,3.75,6,5,8,10,27,1.7481880270062,1.42735849056604,NA,"Kediri Kingdom"
"1052","Central Java","IdKedir",2.2380461031288,5.47712125471966,4.77815125038364,3.75,6,5,8,10,27,1.7481880270062,1.42735849056604,NA,"Kediri Kingdom"
"1053","Central Java","IdMajap",2.35602585719312,6.69897000433602,5.69897000433602,3.75,9,6,10,11,24,1.77815125038364,1.42735849056604,5.17609125905568,"Majapahit Kingdom"
"1056","Central Java","IdMatrm",2.13033376849501,6.51188336097887,5,3.25,9,5,7,14,32,1.82607480270083,1.513,NA,"Mataram Sultanate"
"1058","Kapuasi Basin","IdBrokE",2.28103336724773,2.41912930774198,NA,1,0,0,3,9,14,1.41497334797082,0.212451915789474,2.41912930774198,"Iban - Pre-Brooke"
"1060","Kapuasi Basin","IdBrokL",2.16136800223497,NA,5.09499490094461,2.5,1,1,5,9,25,1.61278385671974,0.235214621052632,2.41912930774198,"Iban - Brooke Raj and Colonial"
"1061","Middle Yellow River Valley","CnPeili",3.30081279411812,NA,NA,1,0,1,0,0,6,0.845098040014257,0.271383711205563,3.39794000867204,"Peiligang"
"1081","Middle Yellow River Valley","CnYngsh",3.30081279411812,4.30102999566398,NA,2,0,1,1,0,11,1.11394335230684,0.300305887474653,2.54406804435028,"Yangshao"
"1101","Middle Yellow River Valley","CnLngsh",3.04139268515822,NA,3.24303804868629,3.5,0,5,4,1,15,1.39794000867204,0.228658104872432,4.09691001300806,"Longshan"
"1105","Middle Yellow River Valley","CnLngsh",3.04139268515822,NA,3.24303804868629,3.5,0,5,4,1,15,1.39794000867204,0.21921147479006,4.54406804435028,"Longshan"
"1113","Middle Yellow River Valley","CnErlit",2.29885307640971,4.83250891270624,4.17609125905568,3.5,2.5,3,6.5,1,17,1.47712125471966,0.202156701456116,3.66745295288995,"Erlitou"
"1114","Middle Yellow River Valley","CnErlit",2.29885307640971,4.83250891270624,4.17609125905568,3.5,2.5,3,6.5,1,17,1.47712125471966,0.200714287350923,4.38021124171161,"Erlitou"
"1115","Middle Yellow River Valley","CnErlig",2.60097289568675,6.39794000867204,5.57403126772772,3.5,2.5,5,6,2,21,1.56229286445647,0.19927187324573,4.31175386105575,"Erligang"
"1119","Middle Yellow River Valley","CnShang",2.3096301674259,6.69897000433602,6,3.75,5,6,9,2,27,1.69019608002851,0.193502216824957,3.60205999132796,"Late Shang"
"1121","Middle Yellow River Valley","CnWZhou",2.39794000867204,7.02118929906994,5.92941892571429,4.75,8,8,13,3,31,1.79934054945358,0.19061738861457,5,"Western Zhou"
"1122","Middle Yellow River Valley","CnWZhou",2.39794000867204,7.13033376849501,5.92941892571429,4.75,8,8,13,3,31,1.79934054945358,0.190153333256957,5.09691001300806,"Western Zhou"
"1124","Middle Yellow River Valley","CnJinSA",2.48429983934679,NA,5.20411998265593,4,10,8,15,3,32,1.83250891270624,0.473063056354325,NA,"Jin State - Spring and Autumn Period"
"1127","Middle Yellow River Valley","CnWeiWS",2.42324587393681,NA,4.95424250943933,4.75,9,8,12,5,34,1.83250891270624,0.469582641172225,NA,"Wei State - Warring States Period"
"1129","Middle Yellow River Valley","CnWHan*",2.32428245529769,7.72015930340596,6.38614210893082,6.75,8.5,11,17,7.5,35,1.89762709129044,0.934524728768316,5.51188336097887,"Western Han"
"1130","Middle Yellow River Valley","CnWHan*",2.32428245529769,7.72015930340596,6.659631011607,6.75,8.5,11,17,7.5,35,1.89762709129044,0.932204451980249,5.51188336097887,"Western Han"
"1131","Middle Yellow River Valley","CnWHan*",2.32428245529769,7.72015930340596,6.69170020829016,6.75,8.5,11,17,7.5,35,1.89762709129044,0.929884175192182,5.51188336097887,"Western Han"
"1132","Middle Yellow River Valley","CnEHan*",2.28780172993023,7.3223809876229,6.81291335664286,6.5,10.5,12,16,7.5,35,1.90848501887865,0.929825059860002,5.6232492903979,"Eastern Han"
"1133","Middle Yellow River Valley","CnEHan*",2.28780172993023,7.69955032028404,6.59350758933177,6.5,9.5,12,16,7.5,35,1.90308998699194,0.929765944527822,5,"Eastern Han"
"1134","Middle Yellow River Valley","CnErJin",1.7160033436348,NA,6.65321251377534,7.5,8,10,17,8.5,34,1.88930170250631,0.929706829195642,5.77815125038364,"Western Jin"
"1135","Middle Yellow River Valley","CnNWei*",2.23299611039215,NA,5.69897000433602,5.75,6,9,18,9,36,1.89209460269048,0.929647713863462,5.77815125038364,"Northern Wei"
"1136","Middle Yellow River Valley","CnNWei*",2.23299611039215,7.50514997831991,6.24870873560092,5.75,6,9,18,9,35,1.88649072517248,0.929588598531282,5.77815125038364,"Northern Wei"
"1137","Middle Yellow River Valley","CnSui**",1.55630250076729,7.66275783168157,6.48429983934679,4.5,8.5,10,17,10,37,1.91645394854993,0.929529483199102,5.69897000433602,"Sui Dynasty"
"1138","Middle Yellow River Valley","CnTangE",2.15836249209525,7.56820172406699,6.69019608002851,6.5,10,12,17,10.5,37,1.93701610746481,0.929470367866922,6,"Early Tang Dynasty"
"1139","Middle Yellow River Valley","CnTangL",2.15836249209525,7.67669360962487,6.55630250076729,5.75,11,12,17,11,39,1.95424250943932,0.929411252534742,6,"Later Tang Dynasty"
"1140","Middle Yellow River Valley","CnTangL",2.15836249209525,7.84509804001426,6.61278385671974,5.75,11,12,17,11,39,1.95424250943932,0.929352137202562,NA,"Later Tang Dynasty"
"1141","Middle Yellow River Valley","CnNSong",2.22010808804005,7.90308998699194,6.47224435267347,7.25,11,12,18,8,38,1.93951925261862,0.929293021870382,5.69897000433602,"Northern Song"
"1142","Middle Yellow River Valley","CnNSong",2.22010808804005,7.90308998699194,6.36172783601759,7.25,11,12,18,8,38,1.93951925261862,0.929293021870382,6,"Northern Song"
"1143","Middle Yellow River Valley","CnLrJin",2.02938377768521,7.69460519893357,6.55630250076729,5,11,9,18,8,36,1.91381385238372,0.929293021870382,NA,"Later Jin"
"1144","Middle Yellow River Valley","CnYuan*",1.98227123303957,7.86180613325088,7.24303804868629,7.5,11,10,18,12,37,1.94448267215017,0.929293021870382,5.90308998699194,"Yuan Dynasty"
"1145","Middle Yellow River Valley","CnMing*",2.43933269383026,7.80326621629648,6.5910646070265,6,8,11,18,11,40,1.94448267215017,0.929293021870382,5.17609125905568,"Ming Dynasty"
"1146","Middle Yellow River Valley","CnMing*",2.43933269383026,7.70679200707397,6.65801139665711,6,8,11,18,11,40,1.94448267215017,0.929293021870382,5.82736927305382,"Ming Dynasty"
"1147","Middle Yellow River Valley","CnMing*",2.43933269383026,8,6.56288738129388,6,9,11,18,11,40,1.94939000664491,1.11515162624446,5.8488047010518,"Ming Dynasty"
"1148","Middle Yellow River Valley","CnQingE",2.17897694729317,8.07918124604763,7.11727129565576,7,10,12,18,11,39,1.95424250943932,1.30101023061853,5.87238938841782,"Early Qing"
"1149","Middle Yellow River Valley","CnQingL",2.06445798922692,8.46982201597816,7.05307844348342,7,11,12,18,9,39,1.94939000664491,1.48686883499261,5.94982505909083,"Late Qing"
"1150","Middle Yellow River Valley","CnQingL",2.06445798922692,8.5327543789925,7.05307844348342,7,11,12,18,9,39,1.94939000664491,1.67272743936669,6.01676599888904,"Late Qing"
"1151","Kansai","JpJomo1",3.64335396197686,NA,NA,1,0,0,0,0,6,0.778151250383644,NA,NA,"Incipient Jomon"
"1195","Kansai","JpJomo2",3.59095323518799,NA,NA,1.5,0,0,0,0,5,0.698970004336019,0,NA,"Initial Jomon"
"1234","Kansai","JpJomo3",3.25503116334555,2.84509804001426,NA,1.5,0,1,0,0,5,0.778151250383644,0,2.65321251377534,"Early Jomon"
"1252","Kansai","JpJomo4",2.99956548822598,NA,NA,2,0,1,1,0,6,0.903089986991944,0,2.65321251377534,"Middle Jomon "
"1262","Kansai","JpJomo5",3.11360915107303,2.84509804001426,NA,2,0,1,0,0,5,0.778151250383644,0,2.65321251377534,"Late Jomon "
"1275","Kansai","JpJomo6",2.95375969173323,2.84509804001426,NA,1.5,0,1,0,0,4,0.698970004336019,0,2.65321251377534,"Final Jomon "
"1284","Kansai","JpYayoi",2.73957234445009,3.35218251811136,NA,1.75,1,2,5,0,17,1.39794000867204,0.375,3.17609125905568,"Kansai - Yayoi Period"
"1288","Kansai","JpYayoi",2.73957234445009,3.35218251811136,NA,1.75,1,2,5,0.5,21,1.46982201597816,0.375,3.17609125905568,"Kansai - Yayoi Period"
"1289","Kansai","JpYayoi",2.73957234445009,3.35218251811136,NA,1.75,1,2,5,1,21,1.47712125471966,0.375,3.17609125905568,"Kansai - Yayoi Period"
"1290","Kansai","JpKofun",2.45788189673399,5.24303804868629,5.09691001300806,3.5,3,4,5,2,25,1.5910646070265,0.375,NA,"Kansai - Kofun Period"
"1291","Kansai","JpKofun",2.45788189673399,5.24303804868629,5.09691001300806,3.5,3,4,9,2,28,1.66275783168157,0.375,NA,"Kansai - Kofun Period"
"1292","Kansai","JpKofun",2.45788189673399,5.39794000867204,5.09691001300806,3.5,3,5,11,2,29,1.69897000433602,0.375,NA,"Kansai - Kofun Period"
"1293","Kansai","JpAsuka",2.23299611039215,6.24303804868629,5.09691001300806,4.75,9,8,10,11.5,30,1.83569057149243,0.375,NA,"Kansai - Asuka Period"
"1294","Kansai","JpAsuka",2.23299611039215,6.39794000867204,5.09691001300806,4.75,9,8,10,11.5,30,1.83569057149243,0.4875,NA,"Kansai - Asuka Period"
"1297","Kansai","JpHeian",2.5910646070265,6.60205999132796,5.43933269383026,4.5,9,9,17,12.5,33,1.90579588036787,0.65,5.30102999566398,"Kansai - Heian Period"
"1298","Kansai","JpHeian",2.5910646070265,6.69897000433602,5.43933269383026,4.5,9,9,17,12.5,33,1.90579588036787,0.65,5.30102999566398,"Kansai - Heian Period"
"1299","Kansai","JpHeian",2.5910646070265,6.67669360962487,5.43933269383026,4.5,9,9,17,12.5,33,1.90579588036787,0.65,5.24303804868629,"Kansai - Heian Period"
"1300","Kansai","JpHeian",2.5910646070265,6.77085201164214,5.43933269383026,4.5,9,9,17,12.5,33,1.90579588036787,0.65,5.24303804868629,"Kansai - Heian Period"
"1301","Kansai","JpKamak",2.17026171539496,6.77085201164214,5.46982201597816,5.75,8,10,14,12,34,1.89209460269048,1.3,5.13830269816628,"Kamakura Shogunate"
"1302","Kansai","JpKamak",2.17026171539496,6.77451696572855,5.46982201597816,5.75,8,10,13,12,34,1.88649072517248,1.3,5.17609125905568,"Kamakura Shogunate"
"1303","Kansai","JpAshik",2.11394335230684,7.09691001300806,5.46982201597816,6.25,8,12,15,10,31,1.88081359228079,1.3,5.17609125905568,"Ashikaga Shogunate"
"1304","Kansai","JpSengk",2,7.17609125905568,4.17609125905568,4.75,4,2,9,12,35,1.79239168949825,1.3,4.60205999132796,"Japan - Sengoku Jidai"
"1305","Kansai","JpAzMom",1.53147891704226,7.34242268082221,5.46982201597816,5,6,11,16,10,37,1.90308998699194,1.378,5.47712125471966,"Japan - Azuchi, Momoyama"
"1306","Kansai","JpTokgw",2.42324587393681,7.46239799789896,5.46982201597816,6.5,10,12,18,10,38,1.94448267215017,1.456,5.75614982178095,"Tokugawa Shogunate"
"1307","Kansai","JpTokgw",2.42324587393681,7.44715803134222,5.46982201597816,6.5,10,12,18,10,38,1.94448267215017,1.534,6.14612803567824,"Tokugawa Shogunate"
"1308","Southern China Hills","CnHQngL",2.28780172993023,5.24303804868629,4.00432137378264,2.5,0,3,3,10,27,1.63346845557959,2.1030842611336,3.8750612633917,"Hmong - Late Qing"
"1309","Southern China Hills","CnHChin",1.65321251377534,NA,NA,1.5,0,4,5,9,21,1.5910646070265,2.21002074898785,NA,"Hmong - Early Chinese"
"1310","Big Island Hawaii","Hawaii1",2.29885307640971,NA,3.37106786227174,1,1,0,0,5,0,0.778151250383644,0.644396551724138,NA,"Hawaii I"
"1312","Big Island Hawaii","Hawaii2",2.65224634100332,3.72015930340596,3.35218251811136,1.5,0,0,1,5,0,0.778151250383644,0.644396551724138,NA,"Hawaii II"
"1313","Big Island Hawaii","Hawaii2",2.65224634100332,4.00432137378264,3.35218251811136,1.5,0,0,1,5,0,0.778151250383644,0.644396551724138,NA,"Hawaii II"
"1314","Big Island Hawaii","Hawaii2",2.65224634100332,4.24551266781415,3.35218251811136,1.5,0,1,1,5,0,0.845098040014257,3.25,NA,"Hawaii II"
"1315","Big Island Hawaii","Hawaii2",2.65224634100332,4.55630250076729,3.35218251811136,1.5,0,1,1,5,0,0.845098040014257,3.25,NA,"Hawaii II"
"1316","Big Island Hawaii","Hawaii2",2.65224634100332,NA,3.35218251811136,1.5,0,0,1,5,0,0.778151250383644,3.25,NA,"Hawaii II"
"1317","Big Island Hawaii","Hawaii3",2.10380372095596,5.0746336182969,3.97772360528885,3,2,2.5,1,6,11,1.35218251811136,3.25,NA,"Hawaii III"
"1318","Big Island Hawaii","USKameh",1.61278385671974,5.07918124604763,4.19865708695442,3.5,3.5,1.5,2,6,15,1.44715803134222,3.25,NA,"Kingdom of Hawaii - Kamehameha Period"
"1319","Oro PNG","PgOrokE",2.17318626841227,NA,NA,2,0,1,4,4,12,1.32221929473392,1.1826,2.84509804001426,"Orokaiva - Pre-Colonial"
"1320","Oro PNG","PgOrokL",1.76342799356294,3.95424250943932,4.35793484700045,1.5,6,4,12,11,17,1.69897000433602,1.1826,2.84509804001426,"Orokaiva - Colonial"
"1321","Chuuk Islands","FmTrukE",2.04139268515822,NA,NA,1.5,0,1,1,5,8,1.17609125905568,2.92,2.17609125905568,"Chuuk - Early Truk"
"1322","Chuuk Islands","FmTrukL",1.79239168949825,3.96378782734556,2.10380372095596,3,4,3,10,10,16,1.63346845557959,2.92,NA,"Chuuk - Late Truk"
"1323","Valley of Oaxaca","MxTieLa",2.39619934709574,NA,NA,1,0,0,0,0,7,0.845098040014257,0.143267195792557,2.31281182621209,"Oaxaca - Tierras Largas"
"1326","Valley of Oaxaca","MxSanGu",2.65224634100332,NA,NA,1.75,0,0,0,1,7,0.903089986991944,0.183537642232605,3.14097916347697,"Oaxaca - San Jose"
"1330","Valley of Oaxaca","MxRosar",2.29885307640971,3.17609125905568,2.43933269383026,2.25,0,0,4,4,6,1.14612803567824,0.384390969606022,3,"Oaxaca - Rosario"
"1332","Valley of Oaxaca","MxAlb1E",2.29885307640971,4.17609125905568,3.11394335230684,1.25,0,1,4,2.5,8,1.19033169817029,0.515143538226308,3.30102999566398,"Early Monte Alban I"
"1333","Valley of Oaxaca","MxAlb1E",2.29885307640971,4.17609125905568,3.11394335230684,1.25,0,1,4,2.5,8,1.19033169817029,0.55,3.72263392253381,"Early Monte Alban I"
"1334","Valley of Oaxaca","MxAlb1L",2.29885307640971,4.74036268949424,3.69897000433602,2,3,3,4,2.5,8,1.31175386105575,0.59626097215008,4.23552844690755,"Monte Alban Late I"
"1336","Valley of Oaxaca","MxAlb2*",2.47567118832443,4.65321251377534,4.30102999566398,2,4,3,4,2.5,8,1.33243845991561,0.678098488395727,4.16136800223498,"Monte Alban II"
"1339","Valley of Oaxaca","MxAlb3A",2.47567118832443,NA,4.06069784035361,3.5,2,3,4,1,9,1.27875360095283,0.811967773878221,4.35218251811136,"Monte Alban III"
"1342","Valley of Oaxaca","MxAlb3B",2.60097289568675,3.92698517943781,NA,3,4,2,5,1,9,1.32221929473392,0.952194431831997,4.35218251811136,"Monte Alban IIIB and IV"
"1345","Valley of Oaxaca","MxAlb3B",2.60097289568675,3.92698517943781,NA,2,4,2,5,1,9,1.32221929473392,1.11272446738822,4.35218251811136,"Monte Alban IIIB and IV"
"1346","Valley of Oaxaca","MxAlb5*",2.79239168949825,3.97687704938344,NA,2.5,3,0,4,1,13,1.32221929473392,1.16573419417739,3.86999400012174,"Monte Alban V"
"1355","Basin of Mexico","MxArch*",3.60195140413352,NA,NA,0.5,0,0,1,0,1,0.301029995663981,0,NA,"Archaic Basin of Mexico"
"1375","Basin of Mexico","MxArch*",3.60195140413352,NA,NA,0.5,0,0,1,0,4,0.698970004336019,0,NA,"Archaic Basin of Mexico"
"1395","Basin of Mexico","MxInitl",2.90254677931399,NA,NA,0.5,0,0,1,0,3,0.602059991327962,0.0435849911445164,3.90308998699194,"Initial Formative Basin of Mexico"
"1401","Basin of Mexico","MxInitl",2.90254677931399,NA,NA,1,0,0,1,0,3,0.602059991327962,0.143267195792557,3.90308998699194,"Initial Formative Basin of Mexico"
"1403","Basin of Mexico","MxFormE",2.60097289568675,NA,NA,2,0,1,3,0,6,1,0.169980992482992,3.39794000867204,"Early Formative Basin of Mexico"
"1406","Basin of Mexico","MxFormE",2.60097289568675,NA,NA,2,0,2,3,0,6,1.04139268515822,0.325224762653804,3.39794000867204,"Early Formative Basin of Mexico"
"1407","Basin of Mexico","MxFormM",2.60097289568675,NA,NA,2,0,2,3,0,6,1.04139268515822,0.354741356063237,3.60205999132796,"Middle Formative Basin of Mexico"
"1411","Basin of Mexico","MxFormL",2.47567118832443,NA,NA,1.75,2,3,3,0,12,1.30102999566398,0.55,4.30102999566398,"Late Formative Basin of Mexico"
"1414","Basin of Mexico","MxFormT",2.29885307640971,NA,NA,1.75,2,4,3,0,12,1.32221929473392,0.678098488395727,4.30102999566398,"Terminal Formative Basin of Mexico"
"1415","Basin of Mexico","MxFormT",2.29885307640971,NA,NA,1.75,2,4,3,0,12,1.32221929473392,0.724950956738775,4.69897000433602,"Terminal Formative Basin of Mexico"
"1416","Basin of Mexico","MxClass",2.73957234445009,NA,NA,3,0,1,0,4,8,1.11394335230684,0.75725707787518,5.05115252244738,"Classic Basin of Mexico"
"1422","Basin of Mexico","MxEpicl",2.39619934709574,NA,NA,3.5,5.5,1,5.5,4,13,1.46239799789896,1.04831233914057,4.43933269383026,"Epiclassic Basin of Mexico"
"1424","Basin of Mexico","MxToltc",2.47567118832443,5.24303804868629,4.35218251811136,4,5,2,4,4,13,1.44715803134222,1.16573419417739,4.65321251377534,"Toltecs"
"1427","Basin of Mexico","MxPostM",2.3541084391474,5.8750612633917,NA,1.5,4.5,1,4,4,13,1.42324587393681,1.47037062087563,4.39794000867204,"Middle Postclassic Basin of Mexico"
"1428","Basin of Mexico","MxPostM",2.3541084391474,5.8750612633917,NA,1.5,4.5,1,6,4,13,1.45484486000851,1.60508406042265,4.39794000867204,"Middle Postclassic Basin of Mexico"
"1430","Basin of Mexico","MxAztec",1.96378782734556,6.54406804435028,4.44824241263444,5.5,8.5,3,7,4,16,1.5854607295085,1.89206097617021,5.35218251811136,"Aztec Empire"
"1431","Cahokia","USMisEW",2.65224634100332,NA,NA,1,0,1,1,3.5,2,0.8750612633917,0.21410084323191,1.60205999132796,"Cahokia - Early Woodland"
"1436","Cahokia","USMisMW",2.65224634100332,NA,NA,1.25,0,1,1,3.5,2,0.8750612633917,0.290453251158404,1.60205999132796,"Cahokia - Middle Woodland"
"1440","Cahokia","USMisRo",2.17318626841227,NA,NA,1.25,0,1,1,2,5,0.954242509439325,0.356309572756292,1.60205999132796,"Cahokia - Late Woodland I"
"1442","Cahokia","USMisMu",2.17318626841227,NA,NA,1.25,0,1,1,2,5,0.954242509439325,0.391422874006654,1.60205999132796,"Cahokia - Late Woodland II"
"1443","Cahokia","USMisPa",2.17318626841227,NA,NA,1.5,0,1,1,3,5,1,0.410698850079792,1.60205999132796,"Cahokia - Late Woodland III"
"1445","Cahokia","USMisSp",2.17318626841227,2.65321251377534,NA,2,1,1,1,4,11,1.25527250510331,0.973915585369398,2.65321251377534,"Cahokia - Emergent Mississippian I"
"1446","Cahokia","USMisME",2.17318626841227,2.65321251377534,2.17609125905568,2,2.5,4,2,4.5,11,1.38021124171161,1.01310328779765,2.65321251377534,"Cahokia - Emergent Mississippian II"
"1448","Cahokia","USCahoE",2.17318626841227,4.65321251377534,3.39794000867204,4,3,3,1,2,10,1.27875360095283,1.11368655056477,4.09691001300806,"Cahokia - Lohman-Stirling"
"1449","Cahokia","USCahoL",1.86923171973098,4.65321251377534,3.39794000867204,4,3,3,1,2,10,1.27875360095283,1.1765,4.09691001300806,"Cahokia - Moorehead"
"1450","Cahokia","USMisSd",2.09342168516224,4.13033376849501,2.8750612633917,3,1,3,1,0,10,1.17609125905568,1.23982580740394,3.77815125038364,"Cahokia - Sand Prairie"
"1451","Cahokia","USOneot",2.37839790094814,NA,3.77815125038364,1.75,0,2,0,0,11,1.11394335230684,1.30366397277658,2.30102999566398,"Oneota"
"1453","Cahokia","USOneot",2.37839790094814,NA,3.77815125038364,1.75,0,2,0,0,17,1.27875360095283,1.44269160604052,2.30102999566398,"Oneota"
"1454","Cahokia","USIllin",1.88649072517248,4,4.21748394421391,2,0.5,1,2,3.5,15,1.34242268082221,1.5179664669266,NA,"Early Illinois Confederation"
"1455","Finger Lakes","UsIroqP",2.42324587393681,4.65321251377534,4.86461786165523,2,0,1,0,0,17,1.25527250510331,0.836920864602525,3.07918124604762,"Proto-Iroquois Confederacy"
"1458","Finger Lakes","UsIroqE",2.16731733474818,3.74036268949424,5,2.5,2.5,1,4,5,22,1.53781909507327,0.956196917269582,3.25527250510331,"Haudenosaunee Confederacy - Early"
"1459","Finger Lakes","UsIroqE",2.16731733474818,NA,5,2.5,2.5,1,4,5,28,1.60745502321467,1,3.25527250510331,"Haudenosaunee Confederacy - Early"
"1460","Finger Lakes","UsIroqL",2.12710479836481,4.07918124604763,5,3,1.5,1,5,5,25,1.57403126772772,1.04364580056622,3.25527250510331,"Haudenosaunee Confederacy - Late"
"1461","Cuzco","PeCuzLF",2.29666519026153,NA,NA,3,0,1,0,0,6,0.845098040014257,0.460426057263576,NA,"Cuzco - Late Formative"
"1462","Cuzco","PeCuzE1",2.47567118832443,NA,2.84509804001426,3,0,1,0,0,6,0.845098040014257,0.498689616230846,NA,"Cuzco - Early Intermediate I"
"1464","Cuzco","PeCuzE1",2.47567118832443,NA,3,3,0,1,0,0,6,0.845098040014257,0.562773807901244,NA,"Cuzco - Early Intermediate I"
"1465","Cuzco","PeCuzE2",2.17318626841227,NA,3,3,0,1,0,0,6,0.845098040014257,0.602555357873012,NA,"Cuzco - Early Intermediate II"
"1467","Cuzco","PeWari*",2.54282542695918,5.47712125471966,5.23044892137827,4.25,3,6,1.5,1,20,1.4983105537896,0.726662196499153,4.69897000433602,"Wari Empire"
"1470","Cuzco","PeCuzL1",2.39619934709574,NA,2.77815125038364,4,0,4,0,2,14,1.30102999566398,0.869565217391304,NA,"Cuzco - Late Intermediate I"
"1473","Cuzco","PeCuzL2",2.17318626841227,NA,3.40654018043396,4,4,6,0,3,14.5,1.43933269383026,0.979333709768493,NA,"Cuzco - Late Intermediate II"
"1474","Cuzco","PeInca*",2.11727129565576,NA,6.09691001300806,5,7,9.5,4,4,25,1.69460519893357,1.01389045736872,4.77815125038364,"Inca Empire"
"1475","Cuzco","PeInca*",2.11727129565576,7,6.09691001300806,5,7,9.5,4,4,25,1.69460519893357,1.04743083003953,4.77815125038364,"Inca Empire"
"1476","Cuzco","EsHabsb",2.25285303097989,NA,6.85125834871908,6.5,10,12,17,11,40,1.95424250943932,1.08735177865613,5.35024801833416,"Spanish Empire"
"1477","Cuzco","EsHabsb",2.25285303097989,NA,NA,6.5,10,12,17,11,40,1.95424250943932,1.12608695652174,NA,"Spanish Empire"
"1478","North Colombia","CoNahua",2.90254677931399,NA,NA,1.25,0,4,0,0,1,0.698970004336019,0.0990342837285709,2.8750612633917,"Neguanje"
"1481","North Colombia","CoNahua",2.90254677931399,NA,NA,1.25,0,5,0,0,1,0.778151250383644,0.118132041805292,2.8750612633917,"Neguanje"
"1482","North Colombia","CoNahua",2.90254677931399,NA,NA,1.5,0,5,0,0,1,0.778151250383644,0.12367988237253,2.8750612633917,"Neguanje"
"1483","North Colombia","CoNahua",2.90254677931399,NA,NA,1.5,0,6,0,0,1,0.845098040014257,0.131890861670897,2.8750612633917,"Neguanje"
"1486","North Colombia","CoTairo",2.67577834167409,3.21232080314198,2.17609125905568,1.75,2,8,4,3.5,8,1.40654018043396,0.296018103354658,2.17609125905568,"Tairona"
"1487","North Colombia","CoTairo",2.67577834167409,3.21232080314198,2.17609125905568,1.75,2,8,4,3.5,8,1.40654018043396,0.311329384562658,3.31701810104811,"Tairona"
"1489","North Colombia","CoTairo",2.67577834167409,3.88081359228079,2.17609125905568,2.5,3,8,4,3.5,8,1.42324587393681,0.341951946978657,3.60205999132796,"Tairona"
"1490","North Colombia","CoTairo",2.67577834167409,3.88081359228079,2.17609125905568,3.25,3,8,4,3.5,8,1.42324587393681,0.357263228186657,3.60205999132796,"Tairona"
"1491","Lowland Andes","EcJivaE",2.47129171105894,2.47712125471966,NA,1.25,0,1,2,2,15,1.30102999566398,0.28325881377969,2.47712125471966,"Jivaro - Colonial"
"1492","Lowland Andes","EcJivaE",2.47129171105894,2.47712125471966,NA,1.25,0,1,2,2,12,1.23044892137827,0.297704333712237,2.47712125471966,"Jivaro - Colonial"
"1494","Lowland Andes","EcJivaL",2,NA,NA,1.25,0,1,3,2,25,1.49136169383427,0.326856374938421,2.47712125471966,"Jivaro - Ecuadorian"
